INFO:     Will watch for changes in these directories: ['/Users/jaypatel/Desktop/Development/Jay/Backbone-Fastapi-CBV']
INFO:     Uvicorn running on http://127.0.0.1:8000 (Press CTRL+C to quit)
INFO:     Started reloader process [16279] using StatReload
INFO:     Started server process [16303]
INFO:     Waiting for application startup.
INFO:     Application startup complete.
System: Connecting to MongoDB (Beanie)...
System: Beanie Initialized.
System: Starting 1 Task Worker(s)...
System: Beanie Initialized.
System: Online and Ready.
INFO:     127.0.0.1:51530 - "POST /auth/login HTTP/1.1" 401 Unauthorized
INFO:     127.0.0.1:51533 - "POST /auth/login HTTP/1.1" 401 Unauthorized
INFO:     127.0.0.1:51534 - "POST /auth/login HTTP/1.1" 401 Unauthorized
INFO:     127.0.0.1:51531 - "POST /auth/login HTTP/1.1" 401 Unauthorized
INFO:     127.0.0.1:51532 - "POST /auth/login HTTP/1.1" 401 Unauthorized
INFO:     127.0.0.1:51530 - "POST /auth/register HTTP/1.1" 201 Created
INFO:     127.0.0.1:51533 - "POST /auth/register HTTP/1.1" 201 Created
INFO:     127.0.0.1:51534 - "POST /auth/register HTTP/1.1" 201 Created
INFO:     127.0.0.1:51531 - "POST /auth/register HTTP/1.1" 201 Created
INFO:     127.0.0.1:51532 - "POST /auth/register HTTP/1.1" 201 Created
/Users/jaypatel/Desktop/Development/Jay/Backbone-Fastapi-CBV/.venv/lib/python3.13/site-packages/jwt/api_jwt.py:153: InsecureKeyLengthWarning: The HMAC key is 26 bytes long, which is below the minimum recommended length of 32 bytes for SHA256. See RFC 7518 Section 3.2.
  return self._jws.encode(
INFO:     127.0.0.1:51533 - "POST /auth/login HTTP/1.1" 200 OK
INFO:     127.0.0.1:51534 - "POST /auth/login HTTP/1.1" 200 OK
INFO:     127.0.0.1:51531 - "POST /auth/login HTTP/1.1" 200 OK
INFO:     127.0.0.1:51530 - "POST /auth/login HTTP/1.1" 200 OK
/Users/jaypatel/Desktop/Development/Jay/Backbone-Fastapi-CBV/.venv/lib/python3.13/site-packages/jwt/api_jwt.py:371: InsecureKeyLengthWarning: The HMAC key is 26 bytes long, which is below the minimum recommended length of 32 bytes for SHA256. See RFC 7518 Section 3.2.
  decoded = self.decode_complete(
INFO:     127.0.0.1:51532 - "POST /auth/login HTTP/1.1" 200 OK
INFO:     127.0.0.1:51533 - "GET /auth/me HTTP/1.1" 200 OK
INFO:     127.0.0.1:51534 - "GET /auth/me HTTP/1.1" 200 OK
INFO:     127.0.0.1:51530 - "GET /auth/me HTTP/1.1" 200 OK
INFO:     127.0.0.1:51531 - "GET /auth/me HTTP/1.1" 200 OK
INFO:     127.0.0.1:51532 - "GET /auth/me HTTP/1.1" 200 OK
INFO:     127.0.0.1:51533 - "POST /blog-categories/ HTTP/1.1" 500 Internal Server Error
ERROR:    Exception in ASGI application
Traceback (most recent call last):
  File "/Users/jaypatel/Desktop/Development/Jay/Backbone-Fastapi-CBV/.venv/lib/python3.13/site-packages/uvicorn/protocols/http/h11_impl.py", line 410, in run_asgi
    result = await app(  # type: ignore[func-returns-value]
             ^^^^^^^^^^^^^^^^^^^^^^^^^^^^^^^^^^^^^^^^^^^^^^
        self.scope, self.receive, self.send
        ^^^^^^^^^^^^^^^^^^^^^^^^^^^^^^^^^^^
    )
    ^
  File "/Users/jaypatel/Desktop/Development/Jay/Backbone-Fastapi-CBV/.venv/lib/python3.13/site-packages/uvicorn/middleware/proxy_headers.py", line 60, in __call__
    return await self.app(scope, receive, send)
           ^^^^^^^^^^^^^^^^^^^^^^^^^^^^^^^^^^^^
  File "/Users/jaypatel/Desktop/Development/Jay/Backbone-Fastapi-CBV/.venv/lib/python3.13/site-packages/fastapi/applications.py", line 1135, in __call__
    await super().__call__(scope, receive, send)
  File "/Users/jaypatel/Desktop/Development/Jay/Backbone-Fastapi-CBV/.venv/lib/python3.13/site-packages/starlette/applications.py", line 107, in __call__
    await self.middleware_stack(scope, receive, send)
  File "/Users/jaypatel/Desktop/Development/Jay/Backbone-Fastapi-CBV/.venv/lib/python3.13/site-packages/starlette/middleware/errors.py", line 186, in __call__
    raise exc
  File "/Users/jaypatel/Desktop/Development/Jay/Backbone-Fastapi-CBV/.venv/lib/python3.13/site-packages/starlette/middleware/errors.py", line 164, in __call__
    await self.app(scope, receive, _send)
  File "/Users/jaypatel/Desktop/Development/Jay/Backbone-Fastapi-CBV/.venv/lib/python3.13/site-packages/starlette/middleware/exceptions.py", line 63, in __call__
    await wrap_app_handling_exceptions(self.app, conn)(scope, receive, send)
  File "/Users/jaypatel/Desktop/Development/Jay/Backbone-Fastapi-CBV/.venv/lib/python3.13/site-packages/starlette/_exception_handler.py", line 53, in wrapped_app
    raise exc
  File "/Users/jaypatel/Desktop/Development/Jay/Backbone-Fastapi-CBV/.venv/lib/python3.13/site-packages/starlette/_exception_handler.py", line 42, in wrapped_app
    await app(scope, receive, sender)
  File "/Users/jaypatel/Desktop/Development/Jay/Backbone-Fastapi-CBV/.venv/lib/python3.13/site-packages/fastapi/middleware/asyncexitstack.py", line 18, in __call__
    await self.app(scope, receive, send)
  File "/Users/jaypatel/Desktop/Development/Jay/Backbone-Fastapi-CBV/.venv/lib/python3.13/site-packages/starlette/routing.py", line 716, in __call__
    await self.middleware_stack(scope, receive, send)
  File "/Users/jaypatel/Desktop/Development/Jay/Backbone-Fastapi-CBV/.venv/lib/python3.13/site-packages/starlette/routing.py", line 736, in app
    await route.handle(scope, receive, send)
  File "/Users/jaypatel/Desktop/Development/Jay/Backbone-Fastapi-CBV/.venv/lib/python3.13/site-packages/starlette/routing.py", line 290, in handle
    await self.app(scope, receive, send)
  File "/Users/jaypatel/Desktop/Development/Jay/Backbone-Fastapi-CBV/.venv/lib/python3.13/site-packages/fastapi/routing.py", line 115, in app
    await wrap_app_handling_exceptions(app, request)(scope, receive, send)
  File "/Users/jaypatel/Desktop/Development/Jay/Backbone-Fastapi-CBV/.venv/lib/python3.13/site-packages/starlette/_exception_handler.py", line 53, in wrapped_app
    raise exc
  File "/Users/jaypatel/Desktop/Development/Jay/Backbone-Fastapi-CBV/.venv/lib/python3.13/site-packages/starlette/_exception_handler.py", line 42, in wrapped_app
    await app(scope, receive, sender)
  File "/Users/jaypatel/Desktop/Development/Jay/Backbone-Fastapi-CBV/.venv/lib/python3.13/site-packages/fastapi/routing.py", line 101, in app
    response = await f(request)
               ^^^^^^^^^^^^^^^^
  File "/Users/jaypatel/Desktop/Development/Jay/Backbone-Fastapi-CBV/.venv/lib/python3.13/site-packages/fastapi/routing.py", line 355, in app
    raw_response = await run_endpoint_function(
                   ^^^^^^^^^^^^^^^^^^^^^^^^^^^^
    ...<3 lines>...
    )
    ^
  File "/Users/jaypatel/Desktop/Development/Jay/Backbone-Fastapi-CBV/.venv/lib/python3.13/site-packages/fastapi/routing.py", line 243, in run_endpoint_function
    return await dependant.call(**values)
           ^^^^^^^^^^^^^^^^^^^^^^^^^^^^^^
  File "/Users/jaypatel/Desktop/Development/Jay/Backbone-Fastapi-CBV/backbone/utils/cache.py", line 179, in wrapper
    return await cache_service.get_or_set(cache_key, ttl, func, *args, **kwargs)
           ^^^^^^^^^^^^^^^^^^^^^^^^^^^^^^^^^^^^^^^^^^^^^^^^^^^^^^^^^^^^^^^^^^^^^
  File "/Users/jaypatel/Desktop/Development/Jay/Backbone-Fastapi-CBV/backbone/utils/cache.py", line 81, in get_or_set
    value = await func(*args, **kwargs)
            ^^^^^^^^^^^^^^^^^^^^^^^^^^^
  File "/Users/jaypatel/Desktop/Development/Jay/Backbone-Fastapi-CBV/backbone/generic/views.py", line 224, in create
    result = await self.repository.create(validated_data)
             ^^^^^^^^^^^^^^^^^^^^^^^^^^^^^^^^^^^^^^^^^^^^
  File "/Users/jaypatel/Desktop/Development/Jay/Backbone-Fastapi-CBV/backbone/core/repository.py", line 192, in create
    await obj.insert()
  File "/Users/jaypatel/Desktop/Development/Jay/Backbone-Fastapi-CBV/.venv/lib/python3.13/site-packages/beanie/odm/actions.py", line 237, in wrapper
    result = await f(
             ^^^^^^^^
    ...<4 lines>...
    )
    ^
  File "/Users/jaypatel/Desktop/Development/Jay/Backbone-Fastapi-CBV/.venv/lib/python3.13/site-packages/beanie/odm/utils/state.py", line 89, in wrapper
    result = await f(self, *args, **kwargs)
             ^^^^^^^^^^^^^^^^^^^^^^^^^^^^^^
  File "/Users/jaypatel/Desktop/Development/Jay/Backbone-Fastapi-CBV/.venv/lib/python3.13/site-packages/beanie/odm/utils/self_validation.py", line 19, in wrapper
    return await f(self, *args, **kwargs)
           ^^^^^^^^^^^^^^^^^^^^^^^^^^^^^^
  File "/Users/jaypatel/Desktop/Development/Jay/Backbone-Fastapi-CBV/.venv/lib/python3.13/site-packages/beanie/odm/documents.py", line 368, in insert
    result = await self.get_pymongo_collection().insert_one(
             ^^^^^^^^^^^^^^^^^^^^^^^^^^^^^^^^^^^^^^^^^^^^^^^
    ...<4 lines>...
    )
    ^
  File "/opt/homebrew/Cellar/python@3.13/3.13.7/Frameworks/Python.framework/Versions/3.13/lib/python3.13/concurrent/futures/thread.py", line 59, in run
    result = self.fn(*self.args, **self.kwargs)
  File "/Users/jaypatel/Desktop/Development/Jay/Backbone-Fastapi-CBV/.venv/lib/python3.13/site-packages/pymongo/synchronous/collection.py", line 891, in insert_one
    self._insert_one(
    ~~~~~~~~~~~~~~~~^
        document,
        ^^^^^^^^^
    ...<5 lines>...
        comment=comment,
        ^^^^^^^^^^^^^^^^
    ),
    ^
  File "/Users/jaypatel/Desktop/Development/Jay/Backbone-Fastapi-CBV/.venv/lib/python3.13/site-packages/pymongo/synchronous/collection.py", line 831, in _insert_one
    self._database.client._retryable_write(
    ~~~~~~~~~~~~~~~~~~~~~~~~~~~~~~~~~~~~~~^
        acknowledged, _insert_command, session, operation=_Op.INSERT
        ^^^^^^^^^^^^^^^^^^^^^^^^^^^^^^^^^^^^^^^^^^^^^^^^^^^^^^^^^^^^
    )
    ^
  File "/Users/jaypatel/Desktop/Development/Jay/Backbone-Fastapi-CBV/.venv/lib/python3.13/site-packages/pymongo/synchronous/mongo_client.py", line 2083, in _retryable_write
    return self._retry_with_session(retryable, func, s, bulk, operation, operation_id)
           ~~~~~~~~~~~~~~~~~~~~~~~~^^^^^^^^^^^^^^^^^^^^^^^^^^^^^^^^^^^^^^^^^^^^^^^^^^^
  File "/Users/jaypatel/Desktop/Development/Jay/Backbone-Fastapi-CBV/.venv/lib/python3.13/site-packages/pymongo/synchronous/mongo_client.py", line 1968, in _retry_with_session
    return self._retry_internal(
           ~~~~~~~~~~~~~~~~~~~~^
        func=func,
        ^^^^^^^^^^
    ...<4 lines>...
        operation_id=operation_id,
        ^^^^^^^^^^^^^^^^^^^^^^^^^^
    )
    ^
  File "/Users/jaypatel/Desktop/Development/Jay/Backbone-Fastapi-CBV/.venv/lib/python3.13/site-packages/pymongo/_csot.py", line 125, in csot_wrapper
    return func(self, *args, **kwargs)
  File "/Users/jaypatel/Desktop/Development/Jay/Backbone-Fastapi-CBV/.venv/lib/python3.13/site-packages/pymongo/synchronous/mongo_client.py", line 2014, in _retry_internal
    ).run()
      ~~~^^
  File "/Users/jaypatel/Desktop/Development/Jay/Backbone-Fastapi-CBV/.venv/lib/python3.13/site-packages/pymongo/synchronous/mongo_client.py", line 2763, in run
    return self._read() if self._is_read else self._write()
                                              ~~~~~~~~~~~^^
  File "/Users/jaypatel/Desktop/Development/Jay/Backbone-Fastapi-CBV/.venv/lib/python3.13/site-packages/pymongo/synchronous/mongo_client.py", line 2895, in _write
    return self._func(self._session, conn, self._retryable)  # type: ignore
           ~~~~~~~~~~^^^^^^^^^^^^^^^^^^^^^^^^^^^^^^^^^^^^^^
  File "/Users/jaypatel/Desktop/Development/Jay/Backbone-Fastapi-CBV/.venv/lib/python3.13/site-packages/pymongo/synchronous/collection.py", line 829, in _insert_command
    _check_write_command_response(result)
    ~~~~~~~~~~~~~~~~~~~~~~~~~~~~~^^^^^^^^
  File "/Users/jaypatel/Desktop/Development/Jay/Backbone-Fastapi-CBV/.venv/lib/python3.13/site-packages/pymongo/helpers_shared.py", line 322, in _check_write_command_response
    _raise_last_write_error(write_errors)
    ~~~~~~~~~~~~~~~~~~~~~~~^^^^^^^^^^^^^^
  File "/Users/jaypatel/Desktop/Development/Jay/Backbone-Fastapi-CBV/.venv/lib/python3.13/site-packages/pymongo/helpers_shared.py", line 292, in _raise_last_write_error
    raise DuplicateKeyError(error.get("errmsg"), 11000, error)
pymongo.errors.DuplicateKeyError: E11000 duplicate key error collection: backbone_app.blog_categories index: name_1 dup key: { name: "Category 3" }, full error: {'index': 0, 'code': 11000, 'errmsg': 'E11000 duplicate key error collection: backbone_app.blog_categories index: name_1 dup key: { name: "Category 3" }', 'keyPattern': {'name': 1}, 'keyValue': {'name': 'Category 3'}}
INFO:     127.0.0.1:51534 - "POST /blog-categories/ HTTP/1.1" 500 Internal Server Error
ERROR:    Exception in ASGI application
Traceback (most recent call last):
  File "/Users/jaypatel/Desktop/Development/Jay/Backbone-Fastapi-CBV/.venv/lib/python3.13/site-packages/uvicorn/protocols/http/h11_impl.py", line 410, in run_asgi
    result = await app(  # type: ignore[func-returns-value]
             ^^^^^^^^^^^^^^^^^^^^^^^^^^^^^^^^^^^^^^^^^^^^^^
        self.scope, self.receive, self.send
        ^^^^^^^^^^^^^^^^^^^^^^^^^^^^^^^^^^^
    )
    ^
  File "/Users/jaypatel/Desktop/Development/Jay/Backbone-Fastapi-CBV/.venv/lib/python3.13/site-packages/uvicorn/middleware/proxy_headers.py", line 60, in __call__
    return await self.app(scope, receive, send)
           ^^^^^^^^^^^^^^^^^^^^^^^^^^^^^^^^^^^^
  File "/Users/jaypatel/Desktop/Development/Jay/Backbone-Fastapi-CBV/.venv/lib/python3.13/site-packages/fastapi/applications.py", line 1135, in __call__
    await super().__call__(scope, receive, send)
  File "/Users/jaypatel/Desktop/Development/Jay/Backbone-Fastapi-CBV/.venv/lib/python3.13/site-packages/starlette/applications.py", line 107, in __call__
    await self.middleware_stack(scope, receive, send)
  File "/Users/jaypatel/Desktop/Development/Jay/Backbone-Fastapi-CBV/.venv/lib/python3.13/site-packages/starlette/middleware/errors.py", line 186, in __call__
    raise exc
  File "/Users/jaypatel/Desktop/Development/Jay/Backbone-Fastapi-CBV/.venv/lib/python3.13/site-packages/starlette/middleware/errors.py", line 164, in __call__
    await self.app(scope, receive, _send)
  File "/Users/jaypatel/Desktop/Development/Jay/Backbone-Fastapi-CBV/.venv/lib/python3.13/site-packages/starlette/middleware/exceptions.py", line 63, in __call__
    await wrap_app_handling_exceptions(self.app, conn)(scope, receive, send)
  File "/Users/jaypatel/Desktop/Development/Jay/Backbone-Fastapi-CBV/.venv/lib/python3.13/site-packages/starlette/_exception_handler.py", line 53, in wrapped_app
    raise exc
  File "/Users/jaypatel/Desktop/Development/Jay/Backbone-Fastapi-CBV/.venv/lib/python3.13/site-packages/starlette/_exception_handler.py", line 42, in wrapped_app
    await app(scope, receive, sender)
  File "/Users/jaypatel/Desktop/Development/Jay/Backbone-Fastapi-CBV/.venv/lib/python3.13/site-packages/fastapi/middleware/asyncexitstack.py", line 18, in __call__
    await self.app(scope, receive, send)
  File "/Users/jaypatel/Desktop/Development/Jay/Backbone-Fastapi-CBV/.venv/lib/python3.13/site-packages/starlette/routing.py", line 716, in __call__
    await self.middleware_stack(scope, receive, send)
  File "/Users/jaypatel/Desktop/Development/Jay/Backbone-Fastapi-CBV/.venv/lib/python3.13/site-packages/starlette/routing.py", line 736, in app
    await route.handle(scope, receive, send)
  File "/Users/jaypatel/Desktop/Development/Jay/Backbone-Fastapi-CBV/.venv/lib/python3.13/site-packages/starlette/routing.py", line 290, in handle
    await self.app(scope, receive, send)
  File "/Users/jaypatel/Desktop/Development/Jay/Backbone-Fastapi-CBV/.venv/lib/python3.13/site-packages/fastapi/routing.py", line 115, in app
    await wrap_app_handling_exceptions(app, request)(scope, receive, send)
  File "/Users/jaypatel/Desktop/Development/Jay/Backbone-Fastapi-CBV/.venv/lib/python3.13/site-packages/starlette/_exception_handler.py", line 53, in wrapped_app
    raise exc
  File "/Users/jaypatel/Desktop/Development/Jay/Backbone-Fastapi-CBV/.venv/lib/python3.13/site-packages/starlette/_exception_handler.py", line 42, in wrapped_app
    await app(scope, receive, sender)
  File "/Users/jaypatel/Desktop/Development/Jay/Backbone-Fastapi-CBV/.venv/lib/python3.13/site-packages/fastapi/routing.py", line 101, in app
    response = await f(request)
               ^^^^^^^^^^^^^^^^
  File "/Users/jaypatel/Desktop/Development/Jay/Backbone-Fastapi-CBV/.venv/lib/python3.13/site-packages/fastapi/routing.py", line 355, in app
    raw_response = await run_endpoint_function(
                   ^^^^^^^^^^^^^^^^^^^^^^^^^^^^
    ...<3 lines>...
    )
    ^
  File "/Users/jaypatel/Desktop/Development/Jay/Backbone-Fastapi-CBV/.venv/lib/python3.13/site-packages/fastapi/routing.py", line 243, in run_endpoint_function
    return await dependant.call(**values)
           ^^^^^^^^^^^^^^^^^^^^^^^^^^^^^^
  File "/Users/jaypatel/Desktop/Development/Jay/Backbone-Fastapi-CBV/backbone/utils/cache.py", line 179, in wrapper
    return await cache_service.get_or_set(cache_key, ttl, func, *args, **kwargs)
           ^^^^^^^^^^^^^^^^^^^^^^^^^^^^^^^^^^^^^^^^^^^^^^^^^^^^^^^^^^^^^^^^^^^^^
  File "/Users/jaypatel/Desktop/Development/Jay/Backbone-Fastapi-CBV/backbone/utils/cache.py", line 81, in get_or_set
    value = await func(*args, **kwargs)
            ^^^^^^^^^^^^^^^^^^^^^^^^^^^
  File "/Users/jaypatel/Desktop/Development/Jay/Backbone-Fastapi-CBV/backbone/generic/views.py", line 224, in create
    result = await self.repository.create(validated_data)
             ^^^^^^^^^^^^^^^^^^^^^^^^^^^^^^^^^^^^^^^^^^^^
  File "/Users/jaypatel/Desktop/Development/Jay/Backbone-Fastapi-CBV/backbone/core/repository.py", line 192, in create
    await obj.insert()
  File "/Users/jaypatel/Desktop/Development/Jay/Backbone-Fastapi-CBV/.venv/lib/python3.13/site-packages/beanie/odm/actions.py", line 237, in wrapper
    result = await f(
             ^^^^^^^^
    ...<4 lines>...
    )
    ^
  File "/Users/jaypatel/Desktop/Development/Jay/Backbone-Fastapi-CBV/.venv/lib/python3.13/site-packages/beanie/odm/utils/state.py", line 89, in wrapper
    result = await f(self, *args, **kwargs)
             ^^^^^^^^^^^^^^^^^^^^^^^^^^^^^^
  File "/Users/jaypatel/Desktop/Development/Jay/Backbone-Fastapi-CBV/.venv/lib/python3.13/site-packages/beanie/odm/utils/self_validation.py", line 19, in wrapper
    return await f(self, *args, **kwargs)
           ^^^^^^^^^^^^^^^^^^^^^^^^^^^^^^
  File "/Users/jaypatel/Desktop/Development/Jay/Backbone-Fastapi-CBV/.venv/lib/python3.13/site-packages/beanie/odm/documents.py", line 368, in insert
    result = await self.get_pymongo_collection().insert_one(
             ^^^^^^^^^^^^^^^^^^^^^^^^^^^^^^^^^^^^^^^^^^^^^^^
    ...<4 lines>...
    )
    ^
  File "/opt/homebrew/Cellar/python@3.13/3.13.7/Frameworks/Python.framework/Versions/3.13/lib/python3.13/concurrent/futures/thread.py", line 59, in run
    result = self.fn(*self.args, **self.kwargs)
  File "/Users/jaypatel/Desktop/Development/Jay/Backbone-Fastapi-CBV/.venv/lib/python3.13/site-packages/pymongo/synchronous/collection.py", line 891, in insert_one
    self._insert_one(
    ~~~~~~~~~~~~~~~~^
        document,
        ^^^^^^^^^
    ...<5 lines>...
        comment=comment,
        ^^^^^^^^^^^^^^^^
    ),
    ^
  File "/Users/jaypatel/Desktop/Development/Jay/Backbone-Fastapi-CBV/.venv/lib/python3.13/site-packages/pymongo/synchronous/collection.py", line 831, in _insert_one
    self._database.client._retryable_write(
    ~~~~~~~~~~~~~~~~~~~~~~~~~~~~~~~~~~~~~~^
        acknowledged, _insert_command, session, operation=_Op.INSERT
        ^^^^^^^^^^^^^^^^^^^^^^^^^^^^^^^^^^^^^^^^^^^^^^^^^^^^^^^^^^^^
    )
    ^
  File "/Users/jaypatel/Desktop/Development/Jay/Backbone-Fastapi-CBV/.venv/lib/python3.13/site-packages/pymongo/synchronous/mongo_client.py", line 2083, in _retryable_write
    return self._retry_with_session(retryable, func, s, bulk, operation, operation_id)
           ~~~~~~~~~~~~~~~~~~~~~~~~^^^^^^^^^^^^^^^^^^^^^^^^^^^^^^^^^^^^^^^^^^^^^^^^^^^
  File "/Users/jaypatel/Desktop/Development/Jay/Backbone-Fastapi-CBV/.venv/lib/python3.13/site-packages/pymongo/synchronous/mongo_client.py", line 1968, in _retry_with_session
    return self._retry_internal(
           ~~~~~~~~~~~~~~~~~~~~^
        func=func,
        ^^^^^^^^^^
    ...<4 lines>...
        operation_id=operation_id,
        ^^^^^^^^^^^^^^^^^^^^^^^^^^
    )
    ^
  File "/Users/jaypatel/Desktop/Development/Jay/Backbone-Fastapi-CBV/.venv/lib/python3.13/site-packages/pymongo/_csot.py", line 125, in csot_wrapper
    return func(self, *args, **kwargs)
  File "/Users/jaypatel/Desktop/Development/Jay/Backbone-Fastapi-CBV/.venv/lib/python3.13/site-packages/pymongo/synchronous/mongo_client.py", line 2014, in _retry_internal
    ).run()
      ~~~^^
  File "/Users/jaypatel/Desktop/Development/Jay/Backbone-Fastapi-CBV/.venv/lib/python3.13/site-packages/pymongo/synchronous/mongo_client.py", line 2763, in run
    return self._read() if self._is_read else self._write()
                                              ~~~~~~~~~~~^^
  File "/Users/jaypatel/Desktop/Development/Jay/Backbone-Fastapi-CBV/.venv/lib/python3.13/site-packages/pymongo/synchronous/mongo_client.py", line 2895, in _write
    return self._func(self._session, conn, self._retryable)  # type: ignore
           ~~~~~~~~~~^^^^^^^^^^^^^^^^^^^^^^^^^^^^^^^^^^^^^^
  File "/Users/jaypatel/Desktop/Development/Jay/Backbone-Fastapi-CBV/.venv/lib/python3.13/site-packages/pymongo/synchronous/collection.py", line 829, in _insert_command
    _check_write_command_response(result)
    ~~~~~~~~~~~~~~~~~~~~~~~~~~~~~^^^^^^^^
  File "/Users/jaypatel/Desktop/Development/Jay/Backbone-Fastapi-CBV/.venv/lib/python3.13/site-packages/pymongo/helpers_shared.py", line 322, in _check_write_command_response
    _raise_last_write_error(write_errors)
    ~~~~~~~~~~~~~~~~~~~~~~~^^^^^^^^^^^^^^
  File "/Users/jaypatel/Desktop/Development/Jay/Backbone-Fastapi-CBV/.venv/lib/python3.13/site-packages/pymongo/helpers_shared.py", line 292, in _raise_last_write_error
    raise DuplicateKeyError(error.get("errmsg"), 11000, error)
pymongo.errors.DuplicateKeyError: E11000 duplicate key error collection: backbone_app.blog_categories index: name_1 dup key: { name: "Category 4" }, full error: {'index': 0, 'code': 11000, 'errmsg': 'E11000 duplicate key error collection: backbone_app.blog_categories index: name_1 dup key: { name: "Category 4" }', 'keyPattern': {'name': 1}, 'keyValue': {'name': 'Category 4'}}
INFO:     127.0.0.1:51530 - "POST /blog-categories/ HTTP/1.1" 500 Internal Server Error
ERROR:    Exception in ASGI application
Traceback (most recent call last):
  File "/Users/jaypatel/Desktop/Development/Jay/Backbone-Fastapi-CBV/.venv/lib/python3.13/site-packages/uvicorn/protocols/http/h11_impl.py", line 410, in run_asgi
    result = await app(  # type: ignore[func-returns-value]
             ^^^^^^^^^^^^^^^^^^^^^^^^^^^^^^^^^^^^^^^^^^^^^^
        self.scope, self.receive, self.send
        ^^^^^^^^^^^^^^^^^^^^^^^^^^^^^^^^^^^
    )
    ^
  File "/Users/jaypatel/Desktop/Development/Jay/Backbone-Fastapi-CBV/.venv/lib/python3.13/site-packages/uvicorn/middleware/proxy_headers.py", line 60, in __call__
    return await self.app(scope, receive, send)
           ^^^^^^^^^^^^^^^^^^^^^^^^^^^^^^^^^^^^
  File "/Users/jaypatel/Desktop/Development/Jay/Backbone-Fastapi-CBV/.venv/lib/python3.13/site-packages/fastapi/applications.py", line 1135, in __call__
    await super().__call__(scope, receive, send)
  File "/Users/jaypatel/Desktop/Development/Jay/Backbone-Fastapi-CBV/.venv/lib/python3.13/site-packages/starlette/applications.py", line 107, in __call__
    await self.middleware_stack(scope, receive, send)
  File "/Users/jaypatel/Desktop/Development/Jay/Backbone-Fastapi-CBV/.venv/lib/python3.13/site-packages/starlette/middleware/errors.py", line 186, in __call__
    raise exc
  File "/Users/jaypatel/Desktop/Development/Jay/Backbone-Fastapi-CBV/.venv/lib/python3.13/site-packages/starlette/middleware/errors.py", line 164, in __call__
    await self.app(scope, receive, _send)
  File "/Users/jaypatel/Desktop/Development/Jay/Backbone-Fastapi-CBV/.venv/lib/python3.13/site-packages/starlette/middleware/exceptions.py", line 63, in __call__
    await wrap_app_handling_exceptions(self.app, conn)(scope, receive, send)
  File "/Users/jaypatel/Desktop/Development/Jay/Backbone-Fastapi-CBV/.venv/lib/python3.13/site-packages/starlette/_exception_handler.py", line 53, in wrapped_app
    raise exc
  File "/Users/jaypatel/Desktop/Development/Jay/Backbone-Fastapi-CBV/.venv/lib/python3.13/site-packages/starlette/_exception_handler.py", line 42, in wrapped_app
    await app(scope, receive, sender)
  File "/Users/jaypatel/Desktop/Development/Jay/Backbone-Fastapi-CBV/.venv/lib/python3.13/site-packages/fastapi/middleware/asyncexitstack.py", line 18, in __call__
    await self.app(scope, receive, send)
  File "/Users/jaypatel/Desktop/Development/Jay/Backbone-Fastapi-CBV/.venv/lib/python3.13/site-packages/starlette/routing.py", line 716, in __call__
    await self.middleware_stack(scope, receive, send)
  File "/Users/jaypatel/Desktop/Development/Jay/Backbone-Fastapi-CBV/.venv/lib/python3.13/site-packages/starlette/routing.py", line 736, in app
    await route.handle(scope, receive, send)
  File "/Users/jaypatel/Desktop/Development/Jay/Backbone-Fastapi-CBV/.venv/lib/python3.13/site-packages/starlette/routing.py", line 290, in handle
    await self.app(scope, receive, send)
  File "/Users/jaypatel/Desktop/Development/Jay/Backbone-Fastapi-CBV/.venv/lib/python3.13/site-packages/fastapi/routing.py", line 115, in app
    await wrap_app_handling_exceptions(app, request)(scope, receive, send)
  File "/Users/jaypatel/Desktop/Development/Jay/Backbone-Fastapi-CBV/.venv/lib/python3.13/site-packages/starlette/_exception_handler.py", line 53, in wrapped_app
    raise exc
  File "/Users/jaypatel/Desktop/Development/Jay/Backbone-Fastapi-CBV/.venv/lib/python3.13/site-packages/starlette/_exception_handler.py", line 42, in wrapped_app
    await app(scope, receive, sender)
  File "/Users/jaypatel/Desktop/Development/Jay/Backbone-Fastapi-CBV/.venv/lib/python3.13/site-packages/fastapi/routing.py", line 101, in app
    response = await f(request)
               ^^^^^^^^^^^^^^^^
  File "/Users/jaypatel/Desktop/Development/Jay/Backbone-Fastapi-CBV/.venv/lib/python3.13/site-packages/fastapi/routing.py", line 355, in app
    raw_response = await run_endpoint_function(
                   ^^^^^^^^^^^^^^^^^^^^^^^^^^^^
    ...<3 lines>...
    )
    ^
  File "/Users/jaypatel/Desktop/Development/Jay/Backbone-Fastapi-CBV/.venv/lib/python3.13/site-packages/fastapi/routing.py", line 243, in run_endpoint_function
    return await dependant.call(**values)
           ^^^^^^^^^^^^^^^^^^^^^^^^^^^^^^
  File "/Users/jaypatel/Desktop/Development/Jay/Backbone-Fastapi-CBV/backbone/utils/cache.py", line 179, in wrapper
    return await cache_service.get_or_set(cache_key, ttl, func, *args, **kwargs)
           ^^^^^^^^^^^^^^^^^^^^^^^^^^^^^^^^^^^^^^^^^^^^^^^^^^^^^^^^^^^^^^^^^^^^^
  File "/Users/jaypatel/Desktop/Development/Jay/Backbone-Fastapi-CBV/backbone/utils/cache.py", line 81, in get_or_set
    value = await func(*args, **kwargs)
            ^^^^^^^^^^^^^^^^^^^^^^^^^^^
  File "/Users/jaypatel/Desktop/Development/Jay/Backbone-Fastapi-CBV/backbone/generic/views.py", line 224, in create
    result = await self.repository.create(validated_data)
             ^^^^^^^^^^^^^^^^^^^^^^^^^^^^^^^^^^^^^^^^^^^^
  File "/Users/jaypatel/Desktop/Development/Jay/Backbone-Fastapi-CBV/backbone/core/repository.py", line 192, in create
    await obj.insert()
  File "/Users/jaypatel/Desktop/Development/Jay/Backbone-Fastapi-CBV/.venv/lib/python3.13/site-packages/beanie/odm/actions.py", line 237, in wrapper
    result = await f(
             ^^^^^^^^
    ...<4 lines>...
    )
    ^
  File "/Users/jaypatel/Desktop/Development/Jay/Backbone-Fastapi-CBV/.venv/lib/python3.13/site-packages/beanie/odm/utils/state.py", line 89, in wrapper
    result = await f(self, *args, **kwargs)
             ^^^^^^^^^^^^^^^^^^^^^^^^^^^^^^
  File "/Users/jaypatel/Desktop/Development/Jay/Backbone-Fastapi-CBV/.venv/lib/python3.13/site-packages/beanie/odm/utils/self_validation.py", line 19, in wrapper
    return await f(self, *args, **kwargs)
           ^^^^^^^^^^^^^^^^^^^^^^^^^^^^^^
  File "/Users/jaypatel/Desktop/Development/Jay/Backbone-Fastapi-CBV/.venv/lib/python3.13/site-packages/beanie/odm/documents.py", line 368, in insert
    result = await self.get_pymongo_collection().insert_one(
             ^^^^^^^^^^^^^^^^^^^^^^^^^^^^^^^^^^^^^^^^^^^^^^^
    ...<4 lines>...
    )
    ^
  File "/opt/homebrew/Cellar/python@3.13/3.13.7/Frameworks/Python.framework/Versions/3.13/lib/python3.13/concurrent/futures/thread.py", line 59, in run
    result = self.fn(*self.args, **self.kwargs)
  File "/Users/jaypatel/Desktop/Development/Jay/Backbone-Fastapi-CBV/.venv/lib/python3.13/site-packages/pymongo/synchronous/collection.py", line 891, in insert_one
    self._insert_one(
    ~~~~~~~~~~~~~~~~^
        document,
        ^^^^^^^^^
    ...<5 lines>...
        comment=comment,
        ^^^^^^^^^^^^^^^^
    ),
    ^
  File "/Users/jaypatel/Desktop/Development/Jay/Backbone-Fastapi-CBV/.venv/lib/python3.13/site-packages/pymongo/synchronous/collection.py", line 831, in _insert_one
    self._database.client._retryable_write(
    ~~~~~~~~~~~~~~~~~~~~~~~~~~~~~~~~~~~~~~^
        acknowledged, _insert_command, session, operation=_Op.INSERT
        ^^^^^^^^^^^^^^^^^^^^^^^^^^^^^^^^^^^^^^^^^^^^^^^^^^^^^^^^^^^^
    )
    ^
  File "/Users/jaypatel/Desktop/Development/Jay/Backbone-Fastapi-CBV/.venv/lib/python3.13/site-packages/pymongo/synchronous/mongo_client.py", line 2083, in _retryable_write
    return self._retry_with_session(retryable, func, s, bulk, operation, operation_id)
           ~~~~~~~~~~~~~~~~~~~~~~~~^^^^^^^^^^^^^^^^^^^^^^^^^^^^^^^^^^^^^^^^^^^^^^^^^^^
  File "/Users/jaypatel/Desktop/Development/Jay/Backbone-Fastapi-CBV/.venv/lib/python3.13/site-packages/pymongo/synchronous/mongo_client.py", line 1968, in _retry_with_session
    return self._retry_internal(
           ~~~~~~~~~~~~~~~~~~~~^
        func=func,
        ^^^^^^^^^^
    ...<4 lines>...
        operation_id=operation_id,
        ^^^^^^^^^^^^^^^^^^^^^^^^^^
    )
    ^
  File "/Users/jaypatel/Desktop/Development/Jay/Backbone-Fastapi-CBV/.venv/lib/python3.13/site-packages/pymongo/_csot.py", line 125, in csot_wrapper
    return func(self, *args, **kwargs)
  File "/Users/jaypatel/Desktop/Development/Jay/Backbone-Fastapi-CBV/.venv/lib/python3.13/site-packages/pymongo/synchronous/mongo_client.py", line 2014, in _retry_internal
    ).run()
      ~~~^^
  File "/Users/jaypatel/Desktop/Development/Jay/Backbone-Fastapi-CBV/.venv/lib/python3.13/site-packages/pymongo/synchronous/mongo_client.py", line 2763, in run
    return self._read() if self._is_read else self._write()
                                              ~~~~~~~~~~~^^
  File "/Users/jaypatel/Desktop/Development/Jay/Backbone-Fastapi-CBV/.venv/lib/python3.13/site-packages/pymongo/synchronous/mongo_client.py", line 2895, in _write
    return self._func(self._session, conn, self._retryable)  # type: ignore
           ~~~~~~~~~~^^^^^^^^^^^^^^^^^^^^^^^^^^^^^^^^^^^^^^
  File "/Users/jaypatel/Desktop/Development/Jay/Backbone-Fastapi-CBV/.venv/lib/python3.13/site-packages/pymongo/synchronous/collection.py", line 829, in _insert_command
    _check_write_command_response(result)
    ~~~~~~~~~~~~~~~~~~~~~~~~~~~~~^^^^^^^^
  File "/Users/jaypatel/Desktop/Development/Jay/Backbone-Fastapi-CBV/.venv/lib/python3.13/site-packages/pymongo/helpers_shared.py", line 322, in _check_write_command_response
    _raise_last_write_error(write_errors)
    ~~~~~~~~~~~~~~~~~~~~~~~^^^^^^^^^^^^^^
  File "/Users/jaypatel/Desktop/Development/Jay/Backbone-Fastapi-CBV/.venv/lib/python3.13/site-packages/pymongo/helpers_shared.py", line 292, in _raise_last_write_error
    raise DuplicateKeyError(error.get("errmsg"), 11000, error)
pymongo.errors.DuplicateKeyError: E11000 duplicate key error collection: backbone_app.blog_categories index: name_1 dup key: { name: "Category 0" }, full error: {'index': 0, 'code': 11000, 'errmsg': 'E11000 duplicate key error collection: backbone_app.blog_categories index: name_1 dup key: { name: "Category 0" }', 'keyPattern': {'name': 1}, 'keyValue': {'name': 'Category 0'}}
INFO:     127.0.0.1:51531 - "POST /blog-categories/ HTTP/1.1" 500 Internal Server Error
ERROR:    Exception in ASGI application
Traceback (most recent call last):
  File "/Users/jaypatel/Desktop/Development/Jay/Backbone-Fastapi-CBV/.venv/lib/python3.13/site-packages/uvicorn/protocols/http/h11_impl.py", line 410, in run_asgi
    result = await app(  # type: ignore[func-returns-value]
             ^^^^^^^^^^^^^^^^^^^^^^^^^^^^^^^^^^^^^^^^^^^^^^
        self.scope, self.receive, self.send
        ^^^^^^^^^^^^^^^^^^^^^^^^^^^^^^^^^^^
    )
    ^
  File "/Users/jaypatel/Desktop/Development/Jay/Backbone-Fastapi-CBV/.venv/lib/python3.13/site-packages/uvicorn/middleware/proxy_headers.py", line 60, in __call__
    return await self.app(scope, receive, send)
           ^^^^^^^^^^^^^^^^^^^^^^^^^^^^^^^^^^^^
  File "/Users/jaypatel/Desktop/Development/Jay/Backbone-Fastapi-CBV/.venv/lib/python3.13/site-packages/fastapi/applications.py", line 1135, in __call__
    await super().__call__(scope, receive, send)
  File "/Users/jaypatel/Desktop/Development/Jay/Backbone-Fastapi-CBV/.venv/lib/python3.13/site-packages/starlette/applications.py", line 107, in __call__
    await self.middleware_stack(scope, receive, send)
  File "/Users/jaypatel/Desktop/Development/Jay/Backbone-Fastapi-CBV/.venv/lib/python3.13/site-packages/starlette/middleware/errors.py", line 186, in __call__
    raise exc
  File "/Users/jaypatel/Desktop/Development/Jay/Backbone-Fastapi-CBV/.venv/lib/python3.13/site-packages/starlette/middleware/errors.py", line 164, in __call__
    await self.app(scope, receive, _send)
  File "/Users/jaypatel/Desktop/Development/Jay/Backbone-Fastapi-CBV/.venv/lib/python3.13/site-packages/starlette/middleware/exceptions.py", line 63, in __call__
    await wrap_app_handling_exceptions(self.app, conn)(scope, receive, send)
  File "/Users/jaypatel/Desktop/Development/Jay/Backbone-Fastapi-CBV/.venv/lib/python3.13/site-packages/starlette/_exception_handler.py", line 53, in wrapped_app
    raise exc
  File "/Users/jaypatel/Desktop/Development/Jay/Backbone-Fastapi-CBV/.venv/lib/python3.13/site-packages/starlette/_exception_handler.py", line 42, in wrapped_app
    await app(scope, receive, sender)
  File "/Users/jaypatel/Desktop/Development/Jay/Backbone-Fastapi-CBV/.venv/lib/python3.13/site-packages/fastapi/middleware/asyncexitstack.py", line 18, in __call__
    await self.app(scope, receive, send)
  File "/Users/jaypatel/Desktop/Development/Jay/Backbone-Fastapi-CBV/.venv/lib/python3.13/site-packages/starlette/routing.py", line 716, in __call__
    await self.middleware_stack(scope, receive, send)
  File "/Users/jaypatel/Desktop/Development/Jay/Backbone-Fastapi-CBV/.venv/lib/python3.13/site-packages/starlette/routing.py", line 736, in app
    await route.handle(scope, receive, send)
  File "/Users/jaypatel/Desktop/Development/Jay/Backbone-Fastapi-CBV/.venv/lib/python3.13/site-packages/starlette/routing.py", line 290, in handle
    await self.app(scope, receive, send)
  File "/Users/jaypatel/Desktop/Development/Jay/Backbone-Fastapi-CBV/.venv/lib/python3.13/site-packages/fastapi/routing.py", line 115, in app
    await wrap_app_handling_exceptions(app, request)(scope, receive, send)
  File "/Users/jaypatel/Desktop/Development/Jay/Backbone-Fastapi-CBV/.venv/lib/python3.13/site-packages/starlette/_exception_handler.py", line 53, in wrapped_app
    raise exc
  File "/Users/jaypatel/Desktop/Development/Jay/Backbone-Fastapi-CBV/.venv/lib/python3.13/site-packages/starlette/_exception_handler.py", line 42, in wrapped_app
    await app(scope, receive, sender)
  File "/Users/jaypatel/Desktop/Development/Jay/Backbone-Fastapi-CBV/.venv/lib/python3.13/site-packages/fastapi/routing.py", line 101, in app
    response = await f(request)
               ^^^^^^^^^^^^^^^^
  File "/Users/jaypatel/Desktop/Development/Jay/Backbone-Fastapi-CBV/.venv/lib/python3.13/site-packages/fastapi/routing.py", line 355, in app
    raw_response = await run_endpoint_function(
                   ^^^^^^^^^^^^^^^^^^^^^^^^^^^^
    ...<3 lines>...
    )
    ^
  File "/Users/jaypatel/Desktop/Development/Jay/Backbone-Fastapi-CBV/.venv/lib/python3.13/site-packages/fastapi/routing.py", line 243, in run_endpoint_function
    return await dependant.call(**values)
           ^^^^^^^^^^^^^^^^^^^^^^^^^^^^^^
  File "/Users/jaypatel/Desktop/Development/Jay/Backbone-Fastapi-CBV/backbone/utils/cache.py", line 179, in wrapper
    return await cache_service.get_or_set(cache_key, ttl, func, *args, **kwargs)
           ^^^^^^^^^^^^^^^^^^^^^^^^^^^^^^^^^^^^^^^^^^^^^^^^^^^^^^^^^^^^^^^^^^^^^
  File "/Users/jaypatel/Desktop/Development/Jay/Backbone-Fastapi-CBV/backbone/utils/cache.py", line 81, in get_or_set
    value = await func(*args, **kwargs)
            ^^^^^^^^^^^^^^^^^^^^^^^^^^^
  File "/Users/jaypatel/Desktop/Development/Jay/Backbone-Fastapi-CBV/backbone/generic/views.py", line 224, in create
    result = await self.repository.create(validated_data)
             ^^^^^^^^^^^^^^^^^^^^^^^^^^^^^^^^^^^^^^^^^^^^
  File "/Users/jaypatel/Desktop/Development/Jay/Backbone-Fastapi-CBV/backbone/core/repository.py", line 192, in create
    await obj.insert()
  File "/Users/jaypatel/Desktop/Development/Jay/Backbone-Fastapi-CBV/.venv/lib/python3.13/site-packages/beanie/odm/actions.py", line 237, in wrapper
    result = await f(
             ^^^^^^^^
    ...<4 lines>...
    )
    ^
  File "/Users/jaypatel/Desktop/Development/Jay/Backbone-Fastapi-CBV/.venv/lib/python3.13/site-packages/beanie/odm/utils/state.py", line 89, in wrapper
    result = await f(self, *args, **kwargs)
             ^^^^^^^^^^^^^^^^^^^^^^^^^^^^^^
  File "/Users/jaypatel/Desktop/Development/Jay/Backbone-Fastapi-CBV/.venv/lib/python3.13/site-packages/beanie/odm/utils/self_validation.py", line 19, in wrapper
    return await f(self, *args, **kwargs)
           ^^^^^^^^^^^^^^^^^^^^^^^^^^^^^^
  File "/Users/jaypatel/Desktop/Development/Jay/Backbone-Fastapi-CBV/.venv/lib/python3.13/site-packages/beanie/odm/documents.py", line 368, in insert
    result = await self.get_pymongo_collection().insert_one(
             ^^^^^^^^^^^^^^^^^^^^^^^^^^^^^^^^^^^^^^^^^^^^^^^
    ...<4 lines>...
    )
    ^
  File "/opt/homebrew/Cellar/python@3.13/3.13.7/Frameworks/Python.framework/Versions/3.13/lib/python3.13/concurrent/futures/thread.py", line 59, in run
    result = self.fn(*self.args, **self.kwargs)
  File "/Users/jaypatel/Desktop/Development/Jay/Backbone-Fastapi-CBV/.venv/lib/python3.13/site-packages/pymongo/synchronous/collection.py", line 891, in insert_one
    self._insert_one(
    ~~~~~~~~~~~~~~~~^
        document,
        ^^^^^^^^^
    ...<5 lines>...
        comment=comment,
        ^^^^^^^^^^^^^^^^
    ),
    ^
  File "/Users/jaypatel/Desktop/Development/Jay/Backbone-Fastapi-CBV/.venv/lib/python3.13/site-packages/pymongo/synchronous/collection.py", line 831, in _insert_one
    self._database.client._retryable_write(
    ~~~~~~~~~~~~~~~~~~~~~~~~~~~~~~~~~~~~~~^
        acknowledged, _insert_command, session, operation=_Op.INSERT
        ^^^^^^^^^^^^^^^^^^^^^^^^^^^^^^^^^^^^^^^^^^^^^^^^^^^^^^^^^^^^
    )
    ^
  File "/Users/jaypatel/Desktop/Development/Jay/Backbone-Fastapi-CBV/.venv/lib/python3.13/site-packages/pymongo/synchronous/mongo_client.py", line 2083, in _retryable_write
    return self._retry_with_session(retryable, func, s, bulk, operation, operation_id)
           ~~~~~~~~~~~~~~~~~~~~~~~~^^^^^^^^^^^^^^^^^^^^^^^^^^^^^^^^^^^^^^^^^^^^^^^^^^^
  File "/Users/jaypatel/Desktop/Development/Jay/Backbone-Fastapi-CBV/.venv/lib/python3.13/site-packages/pymongo/synchronous/mongo_client.py", line 1968, in _retry_with_session
    return self._retry_internal(
           ~~~~~~~~~~~~~~~~~~~~^
        func=func,
        ^^^^^^^^^^
    ...<4 lines>...
        operation_id=operation_id,
        ^^^^^^^^^^^^^^^^^^^^^^^^^^
    )
    ^
  File "/Users/jaypatel/Desktop/Development/Jay/Backbone-Fastapi-CBV/.venv/lib/python3.13/site-packages/pymongo/_csot.py", line 125, in csot_wrapper
    return func(self, *args, **kwargs)
  File "/Users/jaypatel/Desktop/Development/Jay/Backbone-Fastapi-CBV/.venv/lib/python3.13/site-packages/pymongo/synchronous/mongo_client.py", line 2014, in _retry_internal
    ).run()
      ~~~^^
  File "/Users/jaypatel/Desktop/Development/Jay/Backbone-Fastapi-CBV/.venv/lib/python3.13/site-packages/pymongo/synchronous/mongo_client.py", line 2763, in run
    return self._read() if self._is_read else self._write()
                                              ~~~~~~~~~~~^^
  File "/Users/jaypatel/Desktop/Development/Jay/Backbone-Fastapi-CBV/.venv/lib/python3.13/site-packages/pymongo/synchronous/mongo_client.py", line 2895, in _write
    return self._func(self._session, conn, self._retryable)  # type: ignore
           ~~~~~~~~~~^^^^^^^^^^^^^^^^^^^^^^^^^^^^^^^^^^^^^^
  File "/Users/jaypatel/Desktop/Development/Jay/Backbone-Fastapi-CBV/.venv/lib/python3.13/site-packages/pymongo/synchronous/collection.py", line 829, in _insert_command
    _check_write_command_response(result)
    ~~~~~~~~~~~~~~~~~~~~~~~~~~~~~^^^^^^^^
  File "/Users/jaypatel/Desktop/Development/Jay/Backbone-Fastapi-CBV/.venv/lib/python3.13/site-packages/pymongo/helpers_shared.py", line 322, in _check_write_command_response
    _raise_last_write_error(write_errors)
    ~~~~~~~~~~~~~~~~~~~~~~~^^^^^^^^^^^^^^
  File "/Users/jaypatel/Desktop/Development/Jay/Backbone-Fastapi-CBV/.venv/lib/python3.13/site-packages/pymongo/helpers_shared.py", line 292, in _raise_last_write_error
    raise DuplicateKeyError(error.get("errmsg"), 11000, error)
pymongo.errors.DuplicateKeyError: E11000 duplicate key error collection: backbone_app.blog_categories index: name_1 dup key: { name: "Category 1" }, full error: {'index': 0, 'code': 11000, 'errmsg': 'E11000 duplicate key error collection: backbone_app.blog_categories index: name_1 dup key: { name: "Category 1" }', 'keyPattern': {'name': 1}, 'keyValue': {'name': 'Category 1'}}
INFO:     127.0.0.1:51532 - "POST /blog-categories/ HTTP/1.1" 500 Internal Server Error
ERROR:    Exception in ASGI application
Traceback (most recent call last):
  File "/Users/jaypatel/Desktop/Development/Jay/Backbone-Fastapi-CBV/.venv/lib/python3.13/site-packages/uvicorn/protocols/http/h11_impl.py", line 410, in run_asgi
    result = await app(  # type: ignore[func-returns-value]
             ^^^^^^^^^^^^^^^^^^^^^^^^^^^^^^^^^^^^^^^^^^^^^^
        self.scope, self.receive, self.send
        ^^^^^^^^^^^^^^^^^^^^^^^^^^^^^^^^^^^
    )
    ^
  File "/Users/jaypatel/Desktop/Development/Jay/Backbone-Fastapi-CBV/.venv/lib/python3.13/site-packages/uvicorn/middleware/proxy_headers.py", line 60, in __call__
    return await self.app(scope, receive, send)
           ^^^^^^^^^^^^^^^^^^^^^^^^^^^^^^^^^^^^
  File "/Users/jaypatel/Desktop/Development/Jay/Backbone-Fastapi-CBV/.venv/lib/python3.13/site-packages/fastapi/applications.py", line 1135, in __call__
    await super().__call__(scope, receive, send)
  File "/Users/jaypatel/Desktop/Development/Jay/Backbone-Fastapi-CBV/.venv/lib/python3.13/site-packages/starlette/applications.py", line 107, in __call__
    await self.middleware_stack(scope, receive, send)
  File "/Users/jaypatel/Desktop/Development/Jay/Backbone-Fastapi-CBV/.venv/lib/python3.13/site-packages/starlette/middleware/errors.py", line 186, in __call__
    raise exc
  File "/Users/jaypatel/Desktop/Development/Jay/Backbone-Fastapi-CBV/.venv/lib/python3.13/site-packages/starlette/middleware/errors.py", line 164, in __call__
    await self.app(scope, receive, _send)
  File "/Users/jaypatel/Desktop/Development/Jay/Backbone-Fastapi-CBV/.venv/lib/python3.13/site-packages/starlette/middleware/exceptions.py", line 63, in __call__
    await wrap_app_handling_exceptions(self.app, conn)(scope, receive, send)
  File "/Users/jaypatel/Desktop/Development/Jay/Backbone-Fastapi-CBV/.venv/lib/python3.13/site-packages/starlette/_exception_handler.py", line 53, in wrapped_app
    raise exc
  File "/Users/jaypatel/Desktop/Development/Jay/Backbone-Fastapi-CBV/.venv/lib/python3.13/site-packages/starlette/_exception_handler.py", line 42, in wrapped_app
    await app(scope, receive, sender)
  File "/Users/jaypatel/Desktop/Development/Jay/Backbone-Fastapi-CBV/.venv/lib/python3.13/site-packages/fastapi/middleware/asyncexitstack.py", line 18, in __call__
    await self.app(scope, receive, send)
  File "/Users/jaypatel/Desktop/Development/Jay/Backbone-Fastapi-CBV/.venv/lib/python3.13/site-packages/starlette/routing.py", line 716, in __call__
    await self.middleware_stack(scope, receive, send)
  File "/Users/jaypatel/Desktop/Development/Jay/Backbone-Fastapi-CBV/.venv/lib/python3.13/site-packages/starlette/routing.py", line 736, in app
    await route.handle(scope, receive, send)
  File "/Users/jaypatel/Desktop/Development/Jay/Backbone-Fastapi-CBV/.venv/lib/python3.13/site-packages/starlette/routing.py", line 290, in handle
    await self.app(scope, receive, send)
  File "/Users/jaypatel/Desktop/Development/Jay/Backbone-Fastapi-CBV/.venv/lib/python3.13/site-packages/fastapi/routing.py", line 115, in app
    await wrap_app_handling_exceptions(app, request)(scope, receive, send)
  File "/Users/jaypatel/Desktop/Development/Jay/Backbone-Fastapi-CBV/.venv/lib/python3.13/site-packages/starlette/_exception_handler.py", line 53, in wrapped_app
    raise exc
  File "/Users/jaypatel/Desktop/Development/Jay/Backbone-Fastapi-CBV/.venv/lib/python3.13/site-packages/starlette/_exception_handler.py", line 42, in wrapped_app
    await app(scope, receive, sender)
  File "/Users/jaypatel/Desktop/Development/Jay/Backbone-Fastapi-CBV/.venv/lib/python3.13/site-packages/fastapi/routing.py", line 101, in app
    response = await f(request)
               ^^^^^^^^^^^^^^^^
  File "/Users/jaypatel/Desktop/Development/Jay/Backbone-Fastapi-CBV/.venv/lib/python3.13/site-packages/fastapi/routing.py", line 355, in app
    raw_response = await run_endpoint_function(
                   ^^^^^^^^^^^^^^^^^^^^^^^^^^^^
    ...<3 lines>...
    )
    ^
  File "/Users/jaypatel/Desktop/Development/Jay/Backbone-Fastapi-CBV/.venv/lib/python3.13/site-packages/fastapi/routing.py", line 243, in run_endpoint_function
    return await dependant.call(**values)
           ^^^^^^^^^^^^^^^^^^^^^^^^^^^^^^
  File "/Users/jaypatel/Desktop/Development/Jay/Backbone-Fastapi-CBV/backbone/utils/cache.py", line 179, in wrapper
    return await cache_service.get_or_set(cache_key, ttl, func, *args, **kwargs)
           ^^^^^^^^^^^^^^^^^^^^^^^^^^^^^^^^^^^^^^^^^^^^^^^^^^^^^^^^^^^^^^^^^^^^^
  File "/Users/jaypatel/Desktop/Development/Jay/Backbone-Fastapi-CBV/backbone/utils/cache.py", line 81, in get_or_set
    value = await func(*args, **kwargs)
            ^^^^^^^^^^^^^^^^^^^^^^^^^^^
  File "/Users/jaypatel/Desktop/Development/Jay/Backbone-Fastapi-CBV/backbone/generic/views.py", line 224, in create
    result = await self.repository.create(validated_data)
             ^^^^^^^^^^^^^^^^^^^^^^^^^^^^^^^^^^^^^^^^^^^^
  File "/Users/jaypatel/Desktop/Development/Jay/Backbone-Fastapi-CBV/backbone/core/repository.py", line 192, in create
    await obj.insert()
  File "/Users/jaypatel/Desktop/Development/Jay/Backbone-Fastapi-CBV/.venv/lib/python3.13/site-packages/beanie/odm/actions.py", line 237, in wrapper
    result = await f(
             ^^^^^^^^
    ...<4 lines>...
    )
    ^
  File "/Users/jaypatel/Desktop/Development/Jay/Backbone-Fastapi-CBV/.venv/lib/python3.13/site-packages/beanie/odm/utils/state.py", line 89, in wrapper
    result = await f(self, *args, **kwargs)
             ^^^^^^^^^^^^^^^^^^^^^^^^^^^^^^
  File "/Users/jaypatel/Desktop/Development/Jay/Backbone-Fastapi-CBV/.venv/lib/python3.13/site-packages/beanie/odm/utils/self_validation.py", line 19, in wrapper
    return await f(self, *args, **kwargs)
           ^^^^^^^^^^^^^^^^^^^^^^^^^^^^^^
  File "/Users/jaypatel/Desktop/Development/Jay/Backbone-Fastapi-CBV/.venv/lib/python3.13/site-packages/beanie/odm/documents.py", line 368, in insert
    result = await self.get_pymongo_collection().insert_one(
             ^^^^^^^^^^^^^^^^^^^^^^^^^^^^^^^^^^^^^^^^^^^^^^^
    ...<4 lines>...
    )
    ^
  File "/opt/homebrew/Cellar/python@3.13/3.13.7/Frameworks/Python.framework/Versions/3.13/lib/python3.13/concurrent/futures/thread.py", line 59, in run
    result = self.fn(*self.args, **self.kwargs)
  File "/Users/jaypatel/Desktop/Development/Jay/Backbone-Fastapi-CBV/.venv/lib/python3.13/site-packages/pymongo/synchronous/collection.py", line 891, in insert_one
    self._insert_one(
    ~~~~~~~~~~~~~~~~^
        document,
        ^^^^^^^^^
    ...<5 lines>...
        comment=comment,
        ^^^^^^^^^^^^^^^^
    ),
    ^
  File "/Users/jaypatel/Desktop/Development/Jay/Backbone-Fastapi-CBV/.venv/lib/python3.13/site-packages/pymongo/synchronous/collection.py", line 831, in _insert_one
    self._database.client._retryable_write(
    ~~~~~~~~~~~~~~~~~~~~~~~~~~~~~~~~~~~~~~^
        acknowledged, _insert_command, session, operation=_Op.INSERT
        ^^^^^^^^^^^^^^^^^^^^^^^^^^^^^^^^^^^^^^^^^^^^^^^^^^^^^^^^^^^^
    )
    ^
  File "/Users/jaypatel/Desktop/Development/Jay/Backbone-Fastapi-CBV/.venv/lib/python3.13/site-packages/pymongo/synchronous/mongo_client.py", line 2083, in _retryable_write
    return self._retry_with_session(retryable, func, s, bulk, operation, operation_id)
           ~~~~~~~~~~~~~~~~~~~~~~~~^^^^^^^^^^^^^^^^^^^^^^^^^^^^^^^^^^^^^^^^^^^^^^^^^^^
  File "/Users/jaypatel/Desktop/Development/Jay/Backbone-Fastapi-CBV/.venv/lib/python3.13/site-packages/pymongo/synchronous/mongo_client.py", line 1968, in _retry_with_session
    return self._retry_internal(
           ~~~~~~~~~~~~~~~~~~~~^
        func=func,
        ^^^^^^^^^^
    ...<4 lines>...
        operation_id=operation_id,
        ^^^^^^^^^^^^^^^^^^^^^^^^^^
    )
    ^
  File "/Users/jaypatel/Desktop/Development/Jay/Backbone-Fastapi-CBV/.venv/lib/python3.13/site-packages/pymongo/_csot.py", line 125, in csot_wrapper
    return func(self, *args, **kwargs)
  File "/Users/jaypatel/Desktop/Development/Jay/Backbone-Fastapi-CBV/.venv/lib/python3.13/site-packages/pymongo/synchronous/mongo_client.py", line 2014, in _retry_internal
    ).run()
      ~~~^^
  File "/Users/jaypatel/Desktop/Development/Jay/Backbone-Fastapi-CBV/.venv/lib/python3.13/site-packages/pymongo/synchronous/mongo_client.py", line 2763, in run
    return self._read() if self._is_read else self._write()
                                              ~~~~~~~~~~~^^
  File "/Users/jaypatel/Desktop/Development/Jay/Backbone-Fastapi-CBV/.venv/lib/python3.13/site-packages/pymongo/synchronous/mongo_client.py", line 2895, in _write
    return self._func(self._session, conn, self._retryable)  # type: ignore
           ~~~~~~~~~~^^^^^^^^^^^^^^^^^^^^^^^^^^^^^^^^^^^^^^
  File "/Users/jaypatel/Desktop/Development/Jay/Backbone-Fastapi-CBV/.venv/lib/python3.13/site-packages/pymongo/synchronous/collection.py", line 829, in _insert_command
    _check_write_command_response(result)
    ~~~~~~~~~~~~~~~~~~~~~~~~~~~~~^^^^^^^^
  File "/Users/jaypatel/Desktop/Development/Jay/Backbone-Fastapi-CBV/.venv/lib/python3.13/site-packages/pymongo/helpers_shared.py", line 322, in _check_write_command_response
    _raise_last_write_error(write_errors)
    ~~~~~~~~~~~~~~~~~~~~~~~^^^^^^^^^^^^^^
  File "/Users/jaypatel/Desktop/Development/Jay/Backbone-Fastapi-CBV/.venv/lib/python3.13/site-packages/pymongo/helpers_shared.py", line 292, in _raise_last_write_error
    raise DuplicateKeyError(error.get("errmsg"), 11000, error)
pymongo.errors.DuplicateKeyError: E11000 duplicate key error collection: backbone_app.blog_categories index: name_1 dup key: { name: "Category 2" }, full error: {'index': 0, 'code': 11000, 'errmsg': 'E11000 duplicate key error collection: backbone_app.blog_categories index: name_1 dup key: { name: "Category 2" }', 'keyPattern': {'name': 1}, 'keyValue': {'name': 'Category 2'}}
INFO:     127.0.0.1:51546 - "POST /blogs/ HTTP/1.1" 201 Created
INFO:     127.0.0.1:51552 - "POST /blogs/ HTTP/1.1" 201 Created
INFO:     127.0.0.1:51553 - "POST /blogs/ HTTP/1.1" 201 Created
INFO:     127.0.0.1:51549 - "POST /blogs/ HTTP/1.1" 201 Created
INFO:     127.0.0.1:51547 - "POST /blogs/ HTTP/1.1" 201 Created
INFO:     127.0.0.1:51545 - "POST /blogs/ HTTP/1.1" 201 Created
INFO:     127.0.0.1:51556 - "POST /blogs/ HTTP/1.1" 201 Created
INFO:     127.0.0.1:51565 - "POST /blogs/ HTTP/1.1" 201 Created
INFO:     127.0.0.1:51548 - "POST /blogs/ HTTP/1.1" 201 Created
INFO:     127.0.0.1:51575 - "POST /blogs/ HTTP/1.1" 201 Created
INFO:     127.0.0.1:51554 - "POST /blogs/ HTTP/1.1" 201 Created
INFO:     127.0.0.1:51551 - "POST /blogs/ HTTP/1.1" 201 Created
INFO:     127.0.0.1:51550 - "POST /blogs/ HTTP/1.1" 201 Created
INFO:     127.0.0.1:51564 - "POST /blogs/ HTTP/1.1" 201 Created
INFO:     127.0.0.1:51560 - "POST /blogs/ HTTP/1.1" 201 Created
INFO:     127.0.0.1:51557 - "POST /blogs/ HTTP/1.1" 201 Created
INFO:     127.0.0.1:51555 - "POST /blogs/ HTTP/1.1" 201 Created
INFO:     127.0.0.1:51572 - "POST /blogs/ HTTP/1.1" 201 Created
INFO:     127.0.0.1:51567 - "POST /blogs/ HTTP/1.1" 201 Created
INFO:     127.0.0.1:51574 - "POST /blogs/ HTTP/1.1" 201 Created
INFO:     127.0.0.1:51581 - "POST /blogs/ HTTP/1.1" 201 Created
INFO:     127.0.0.1:51561 - "POST /blogs/ HTTP/1.1" 201 Created
INFO:     127.0.0.1:51573 - "POST /blogs/ HTTP/1.1" 201 Created
INFO:     127.0.0.1:51591 - "POST /blogs/ HTTP/1.1" 201 Created
INFO:     127.0.0.1:51586 - "POST /blogs/ HTTP/1.1" 201 Created
INFO:     127.0.0.1:51568 - "POST /blogs/ HTTP/1.1" 201 Created
INFO:     127.0.0.1:51569 - "POST /blogs/ HTTP/1.1" 201 Created
INFO:     127.0.0.1:51558 - "POST /blogs/ HTTP/1.1" 201 Created
INFO:     127.0.0.1:51571 - "POST /blogs/ HTTP/1.1" 201 Created
INFO:     127.0.0.1:51593 - "POST /blogs/ HTTP/1.1" 201 Created
INFO:     127.0.0.1:51559 - "POST /blogs/ HTTP/1.1" 201 Created
INFO:     127.0.0.1:51584 - "POST /blogs/ HTTP/1.1" 201 Created
INFO:     127.0.0.1:51589 - "POST /blogs/ HTTP/1.1" 201 Created
INFO:     127.0.0.1:51583 - "POST /blogs/ HTTP/1.1" 201 Created
INFO:     127.0.0.1:51577 - "POST /blogs/ HTTP/1.1" 201 Created
INFO:     127.0.0.1:51592 - "POST /blogs/ HTTP/1.1" 201 Created
INFO:     127.0.0.1:51582 - "POST /blogs/ HTTP/1.1" 201 Created
INFO:     127.0.0.1:51576 - "POST /blogs/ HTTP/1.1" 201 Created
INFO:     127.0.0.1:51585 - "POST /blogs/ HTTP/1.1" 201 Created
INFO:     127.0.0.1:51587 - "POST /blogs/ HTTP/1.1" 201 Created
INFO:     127.0.0.1:51563 - "POST /blogs/ HTTP/1.1" 201 Created
INFO:     127.0.0.1:51570 - "POST /blogs/ HTTP/1.1" 201 Created
INFO:     127.0.0.1:51588 - "POST /blogs/ HTTP/1.1" 201 Created
INFO:     127.0.0.1:51595 - "POST /blogs/ HTTP/1.1" 201 Created
INFO:     127.0.0.1:51578 - "POST /blogs/ HTTP/1.1" 201 Created
INFO:     127.0.0.1:51594 - "POST /blogs/ HTTP/1.1" 201 Created
INFO:     127.0.0.1:51590 - "POST /blogs/ HTTP/1.1" 201 Created
INFO:     127.0.0.1:51645 - "GET /admin/BlogSchema/699753c6dfa2c06b5c48fed5 HTTP/1.1" 500 Internal Server Error
ERROR:    Exception in ASGI application
Traceback (most recent call last):
  File "/Users/jaypatel/Desktop/Development/Jay/Backbone-Fastapi-CBV/.venv/lib/python3.13/site-packages/uvicorn/protocols/http/h11_impl.py", line 410, in run_asgi
    result = await app(  # type: ignore[func-returns-value]
             ^^^^^^^^^^^^^^^^^^^^^^^^^^^^^^^^^^^^^^^^^^^^^^
        self.scope, self.receive, self.send
        ^^^^^^^^^^^^^^^^^^^^^^^^^^^^^^^^^^^
    )
    ^
  File "/Users/jaypatel/Desktop/Development/Jay/Backbone-Fastapi-CBV/.venv/lib/python3.13/site-packages/uvicorn/middleware/proxy_headers.py", line 60, in __call__
    return await self.app(scope, receive, send)
           ^^^^^^^^^^^^^^^^^^^^^^^^^^^^^^^^^^^^
  File "/Users/jaypatel/Desktop/Development/Jay/Backbone-Fastapi-CBV/.venv/lib/python3.13/site-packages/fastapi/applications.py", line 1135, in __call__
    await super().__call__(scope, receive, send)
  File "/Users/jaypatel/Desktop/Development/Jay/Backbone-Fastapi-CBV/.venv/lib/python3.13/site-packages/starlette/applications.py", line 107, in __call__
    await self.middleware_stack(scope, receive, send)
  File "/Users/jaypatel/Desktop/Development/Jay/Backbone-Fastapi-CBV/.venv/lib/python3.13/site-packages/starlette/middleware/errors.py", line 186, in __call__
    raise exc
  File "/Users/jaypatel/Desktop/Development/Jay/Backbone-Fastapi-CBV/.venv/lib/python3.13/site-packages/starlette/middleware/errors.py", line 164, in __call__
    await self.app(scope, receive, _send)
  File "/Users/jaypatel/Desktop/Development/Jay/Backbone-Fastapi-CBV/.venv/lib/python3.13/site-packages/starlette/middleware/exceptions.py", line 63, in __call__
    await wrap_app_handling_exceptions(self.app, conn)(scope, receive, send)
  File "/Users/jaypatel/Desktop/Development/Jay/Backbone-Fastapi-CBV/.venv/lib/python3.13/site-packages/starlette/_exception_handler.py", line 53, in wrapped_app
    raise exc
  File "/Users/jaypatel/Desktop/Development/Jay/Backbone-Fastapi-CBV/.venv/lib/python3.13/site-packages/starlette/_exception_handler.py", line 42, in wrapped_app
    await app(scope, receive, sender)
  File "/Users/jaypatel/Desktop/Development/Jay/Backbone-Fastapi-CBV/.venv/lib/python3.13/site-packages/fastapi/middleware/asyncexitstack.py", line 18, in __call__
    await self.app(scope, receive, send)
  File "/Users/jaypatel/Desktop/Development/Jay/Backbone-Fastapi-CBV/.venv/lib/python3.13/site-packages/starlette/routing.py", line 716, in __call__
    await self.middleware_stack(scope, receive, send)
  File "/Users/jaypatel/Desktop/Development/Jay/Backbone-Fastapi-CBV/.venv/lib/python3.13/site-packages/starlette/routing.py", line 736, in app
    await route.handle(scope, receive, send)
  File "/Users/jaypatel/Desktop/Development/Jay/Backbone-Fastapi-CBV/.venv/lib/python3.13/site-packages/starlette/routing.py", line 290, in handle
    await self.app(scope, receive, send)
  File "/Users/jaypatel/Desktop/Development/Jay/Backbone-Fastapi-CBV/.venv/lib/python3.13/site-packages/fastapi/routing.py", line 115, in app
    await wrap_app_handling_exceptions(app, request)(scope, receive, send)
  File "/Users/jaypatel/Desktop/Development/Jay/Backbone-Fastapi-CBV/.venv/lib/python3.13/site-packages/starlette/_exception_handler.py", line 53, in wrapped_app
    raise exc
  File "/Users/jaypatel/Desktop/Development/Jay/Backbone-Fastapi-CBV/.venv/lib/python3.13/site-packages/starlette/_exception_handler.py", line 42, in wrapped_app
    await app(scope, receive, sender)
  File "/Users/jaypatel/Desktop/Development/Jay/Backbone-Fastapi-CBV/.venv/lib/python3.13/site-packages/fastapi/routing.py", line 101, in app
    response = await f(request)
               ^^^^^^^^^^^^^^^^
  File "/Users/jaypatel/Desktop/Development/Jay/Backbone-Fastapi-CBV/.venv/lib/python3.13/site-packages/fastapi/routing.py", line 355, in app
    raw_response = await run_endpoint_function(
                   ^^^^^^^^^^^^^^^^^^^^^^^^^^^^
    ...<3 lines>...
    )
    ^
  File "/Users/jaypatel/Desktop/Development/Jay/Backbone-Fastapi-CBV/.venv/lib/python3.13/site-packages/fastapi/routing.py", line 243, in run_endpoint_function
    return await dependant.call(**values)
           ^^^^^^^^^^^^^^^^^^^^^^^^^^^^^^
  File "/Users/jaypatel/Desktop/Development/Jay/Backbone-Fastapi-CBV/backbone/admin/router.py", line 328, in model_detail
    return templates.TemplateResponse("model_detail.html", {
           ~~~~~~~~~~~~~~~~~~~~~~~~~~^^^^^^^^^^^^^^^^^^^^^^^
        "request": request,
        ^^^^^^^^^^^^^^^^^^^
    ...<5 lines>...
        "now": datetime.now(timezone.utc)
        ^^^^^^^^^^^^^^^^^^^^^^^^^^^^^^^^^
    })
    ^^
  File "/Users/jaypatel/Desktop/Development/Jay/Backbone-Fastapi-CBV/.venv/lib/python3.13/site-packages/starlette/templating.py", line 210, in TemplateResponse
    return _TemplateResponse(
        template,
    ...<4 lines>...
        background=background,
    )
  File "/Users/jaypatel/Desktop/Development/Jay/Backbone-Fastapi-CBV/.venv/lib/python3.13/site-packages/starlette/templating.py", line 41, in __init__
    content = template.render(context)
  File "/Users/jaypatel/Desktop/Development/Jay/Backbone-Fastapi-CBV/.venv/lib/python3.13/site-packages/jinja2/environment.py", line 1295, in render
    self.environment.handle_exception()
    ~~~~~~~~~~~~~~~~~~~~~~~~~~~~~~~~~^^
  File "/Users/jaypatel/Desktop/Development/Jay/Backbone-Fastapi-CBV/.venv/lib/python3.13/site-packages/jinja2/environment.py", line 942, in handle_exception
    raise rewrite_traceback_stack(source=source)
  File "/Users/jaypatel/Desktop/Development/Jay/Backbone-Fastapi-CBV/backbone/admin/templates/model_detail.html", line 1, in top-level template code
    {% extends "base.html" %}
  File "/Users/jaypatel/Desktop/Development/Jay/Backbone-Fastapi-CBV/backbone/admin/templates/base.html", line 108, in top-level template code
    {% block content %}{% endblock %}
    ^^^^^^^^^
  File "/Users/jaypatel/Desktop/Development/Jay/Backbone-Fastapi-CBV/backbone/admin/templates/model_detail.html", line 64, in block 'content'
    class="w-full bg-white border border-slate-200 rounded-xl px-4 py-3 focus:outline-none focus:ring-2 focus:ring-indigo-500/20 focus:border-indigo-500 transition-all font-mono text-sm">{{ value | tojson(indent=2) }}</textarea>
    ^^^^^
  File "/Users/jaypatel/Desktop/Development/Jay/Backbone-Fastapi-CBV/.venv/lib/python3.13/site-packages/jinja2/filters.py", line 1721, in do_tojson
    return htmlsafe_json_dumps(value, dumps=dumps, **kwargs)
  File "/Users/jaypatel/Desktop/Development/Jay/Backbone-Fastapi-CBV/.venv/lib/python3.13/site-packages/jinja2/utils.py", line 669, in htmlsafe_json_dumps
    dumps(obj, **kwargs)
    ~~~~~^^^^^^^^^^^^^^^
  File "/opt/homebrew/Cellar/python@3.13/3.13.7/Frameworks/Python.framework/Versions/3.13/lib/python3.13/json/__init__.py", line 238, in dumps
    **kw).encode(obj)
          ~~~~~~^^^^^
  File "/opt/homebrew/Cellar/python@3.13/3.13.7/Frameworks/Python.framework/Versions/3.13/lib/python3.13/json/encoder.py", line 200, in encode
    chunks = self.iterencode(o, _one_shot=True)
  File "/opt/homebrew/Cellar/python@3.13/3.13.7/Frameworks/Python.framework/Versions/3.13/lib/python3.13/json/encoder.py", line 261, in iterencode
    return _iterencode(o, 0)
  File "/opt/homebrew/Cellar/python@3.13/3.13.7/Frameworks/Python.framework/Versions/3.13/lib/python3.13/json/encoder.py", line 180, in default
    raise TypeError(f'Object of type {o.__class__.__name__} '
                    f'is not JSON serializable')
TypeError: Object of type Undefined is not JSON serializable
INFO:     127.0.0.1:51647 - "GET /admin/BlogSchem HTTP/1.1" 404 Not Found
INFO:     127.0.0.1:51647 - "GET /admin HTTP/1.1" 307 Temporary Redirect
INFO:     127.0.0.1:51647 - "GET /admin/ HTTP/1.1" 200 OK
INFO:     127.0.0.1:51647 - "GET /admin/BlogSchema HTTP/1.1" 200 OK
INFO:     127.0.0.1:51647 - "GET /admin/BlogSchema/699753c6dfa2c06b5c48fed4 HTTP/1.1" 500 Internal Server Error
ERROR:    Exception in ASGI application
Traceback (most recent call last):
  File "/Users/jaypatel/Desktop/Development/Jay/Backbone-Fastapi-CBV/.venv/lib/python3.13/site-packages/uvicorn/protocols/http/h11_impl.py", line 410, in run_asgi
    result = await app(  # type: ignore[func-returns-value]
             ^^^^^^^^^^^^^^^^^^^^^^^^^^^^^^^^^^^^^^^^^^^^^^
        self.scope, self.receive, self.send
        ^^^^^^^^^^^^^^^^^^^^^^^^^^^^^^^^^^^
    )
    ^
  File "/Users/jaypatel/Desktop/Development/Jay/Backbone-Fastapi-CBV/.venv/lib/python3.13/site-packages/uvicorn/middleware/proxy_headers.py", line 60, in __call__
    return await self.app(scope, receive, send)
           ^^^^^^^^^^^^^^^^^^^^^^^^^^^^^^^^^^^^
  File "/Users/jaypatel/Desktop/Development/Jay/Backbone-Fastapi-CBV/.venv/lib/python3.13/site-packages/fastapi/applications.py", line 1135, in __call__
    await super().__call__(scope, receive, send)
  File "/Users/jaypatel/Desktop/Development/Jay/Backbone-Fastapi-CBV/.venv/lib/python3.13/site-packages/starlette/applications.py", line 107, in __call__
    await self.middleware_stack(scope, receive, send)
  File "/Users/jaypatel/Desktop/Development/Jay/Backbone-Fastapi-CBV/.venv/lib/python3.13/site-packages/starlette/middleware/errors.py", line 186, in __call__
    raise exc
  File "/Users/jaypatel/Desktop/Development/Jay/Backbone-Fastapi-CBV/.venv/lib/python3.13/site-packages/starlette/middleware/errors.py", line 164, in __call__
    await self.app(scope, receive, _send)
  File "/Users/jaypatel/Desktop/Development/Jay/Backbone-Fastapi-CBV/.venv/lib/python3.13/site-packages/starlette/middleware/exceptions.py", line 63, in __call__
    await wrap_app_handling_exceptions(self.app, conn)(scope, receive, send)
  File "/Users/jaypatel/Desktop/Development/Jay/Backbone-Fastapi-CBV/.venv/lib/python3.13/site-packages/starlette/_exception_handler.py", line 53, in wrapped_app
    raise exc
  File "/Users/jaypatel/Desktop/Development/Jay/Backbone-Fastapi-CBV/.venv/lib/python3.13/site-packages/starlette/_exception_handler.py", line 42, in wrapped_app
    await app(scope, receive, sender)
  File "/Users/jaypatel/Desktop/Development/Jay/Backbone-Fastapi-CBV/.venv/lib/python3.13/site-packages/fastapi/middleware/asyncexitstack.py", line 18, in __call__
    await self.app(scope, receive, send)
  File "/Users/jaypatel/Desktop/Development/Jay/Backbone-Fastapi-CBV/.venv/lib/python3.13/site-packages/starlette/routing.py", line 716, in __call__
    await self.middleware_stack(scope, receive, send)
  File "/Users/jaypatel/Desktop/Development/Jay/Backbone-Fastapi-CBV/.venv/lib/python3.13/site-packages/starlette/routing.py", line 736, in app
    await route.handle(scope, receive, send)
  File "/Users/jaypatel/Desktop/Development/Jay/Backbone-Fastapi-CBV/.venv/lib/python3.13/site-packages/starlette/routing.py", line 290, in handle
    await self.app(scope, receive, send)
  File "/Users/jaypatel/Desktop/Development/Jay/Backbone-Fastapi-CBV/.venv/lib/python3.13/site-packages/fastapi/routing.py", line 115, in app
    await wrap_app_handling_exceptions(app, request)(scope, receive, send)
  File "/Users/jaypatel/Desktop/Development/Jay/Backbone-Fastapi-CBV/.venv/lib/python3.13/site-packages/starlette/_exception_handler.py", line 53, in wrapped_app
    raise exc
  File "/Users/jaypatel/Desktop/Development/Jay/Backbone-Fastapi-CBV/.venv/lib/python3.13/site-packages/starlette/_exception_handler.py", line 42, in wrapped_app
    await app(scope, receive, sender)
  File "/Users/jaypatel/Desktop/Development/Jay/Backbone-Fastapi-CBV/.venv/lib/python3.13/site-packages/fastapi/routing.py", line 101, in app
    response = await f(request)
               ^^^^^^^^^^^^^^^^
  File "/Users/jaypatel/Desktop/Development/Jay/Backbone-Fastapi-CBV/.venv/lib/python3.13/site-packages/fastapi/routing.py", line 355, in app
    raw_response = await run_endpoint_function(
                   ^^^^^^^^^^^^^^^^^^^^^^^^^^^^
    ...<3 lines>...
    )
    ^
  File "/Users/jaypatel/Desktop/Development/Jay/Backbone-Fastapi-CBV/.venv/lib/python3.13/site-packages/fastapi/routing.py", line 243, in run_endpoint_function
    return await dependant.call(**values)
           ^^^^^^^^^^^^^^^^^^^^^^^^^^^^^^
  File "/Users/jaypatel/Desktop/Development/Jay/Backbone-Fastapi-CBV/backbone/admin/router.py", line 328, in model_detail
    return templates.TemplateResponse("model_detail.html", {
           ~~~~~~~~~~~~~~~~~~~~~~~~~~^^^^^^^^^^^^^^^^^^^^^^^
        "request": request,
        ^^^^^^^^^^^^^^^^^^^
    ...<5 lines>...
        "now": datetime.now(timezone.utc)
        ^^^^^^^^^^^^^^^^^^^^^^^^^^^^^^^^^
    })
    ^^
  File "/Users/jaypatel/Desktop/Development/Jay/Backbone-Fastapi-CBV/.venv/lib/python3.13/site-packages/starlette/templating.py", line 210, in TemplateResponse
    return _TemplateResponse(
        template,
    ...<4 lines>...
        background=background,
    )
  File "/Users/jaypatel/Desktop/Development/Jay/Backbone-Fastapi-CBV/.venv/lib/python3.13/site-packages/starlette/templating.py", line 41, in __init__
    content = template.render(context)
  File "/Users/jaypatel/Desktop/Development/Jay/Backbone-Fastapi-CBV/.venv/lib/python3.13/site-packages/jinja2/environment.py", line 1295, in render
    self.environment.handle_exception()
    ~~~~~~~~~~~~~~~~~~~~~~~~~~~~~~~~~^^
  File "/Users/jaypatel/Desktop/Development/Jay/Backbone-Fastapi-CBV/.venv/lib/python3.13/site-packages/jinja2/environment.py", line 942, in handle_exception
    raise rewrite_traceback_stack(source=source)
  File "/Users/jaypatel/Desktop/Development/Jay/Backbone-Fastapi-CBV/backbone/admin/templates/model_detail.html", line 1, in top-level template code
    {% extends "base.html" %}
  File "/Users/jaypatel/Desktop/Development/Jay/Backbone-Fastapi-CBV/backbone/admin/templates/base.html", line 108, in top-level template code
    {% block content %}{% endblock %}
    ^^^^^^^^^
  File "/Users/jaypatel/Desktop/Development/Jay/Backbone-Fastapi-CBV/backbone/admin/templates/model_detail.html", line 64, in block 'content'
    class="w-full bg-white border border-slate-200 rounded-xl px-4 py-3 focus:outline-none focus:ring-2 focus:ring-indigo-500/20 focus:border-indigo-500 transition-all font-mono text-sm">{{ value | tojson(indent=2) }}</textarea>
    ^^^^^
  File "/Users/jaypatel/Desktop/Development/Jay/Backbone-Fastapi-CBV/.venv/lib/python3.13/site-packages/jinja2/filters.py", line 1721, in do_tojson
    return htmlsafe_json_dumps(value, dumps=dumps, **kwargs)
  File "/Users/jaypatel/Desktop/Development/Jay/Backbone-Fastapi-CBV/.venv/lib/python3.13/site-packages/jinja2/utils.py", line 669, in htmlsafe_json_dumps
    dumps(obj, **kwargs)
    ~~~~~^^^^^^^^^^^^^^^
  File "/opt/homebrew/Cellar/python@3.13/3.13.7/Frameworks/Python.framework/Versions/3.13/lib/python3.13/json/__init__.py", line 238, in dumps
    **kw).encode(obj)
          ~~~~~~^^^^^
  File "/opt/homebrew/Cellar/python@3.13/3.13.7/Frameworks/Python.framework/Versions/3.13/lib/python3.13/json/encoder.py", line 200, in encode
    chunks = self.iterencode(o, _one_shot=True)
  File "/opt/homebrew/Cellar/python@3.13/3.13.7/Frameworks/Python.framework/Versions/3.13/lib/python3.13/json/encoder.py", line 261, in iterencode
    return _iterencode(o, 0)
  File "/opt/homebrew/Cellar/python@3.13/3.13.7/Frameworks/Python.framework/Versions/3.13/lib/python3.13/json/encoder.py", line 180, in default
    raise TypeError(f'Object of type {o.__class__.__name__} '
                    f'is not JSON serializable')
TypeError: Object of type Undefined is not JSON serializable
INFO:     127.0.0.1:51654 - "POST /admin/BlogSchema/delete_all HTTP/1.1" 303 See Other
INFO:     127.0.0.1:51654 - "GET /admin/BlogSchema HTTP/1.1" 200 OK
INFO:     127.0.0.1:51659 - "GET /blogs/?page=1&page_size=10 HTTP/1.1" 200 OK
INFO:     127.0.0.1:51662 - "GET /admin/BlogSchema HTTP/1.1" 200 OK
INFO:     127.0.0.1:51662 - "GET /admin/BlogSchema HTTP/1.1" 200 OK
INFO:     127.0.0.1:51662 - "GET /admin/BlogCategory HTTP/1.1" 200 OK
INFO:     127.0.0.1:51662 - "GET /admin/BlogCategory/699753c6dfa2c06b5c48fecf HTTP/1.1" 500 Internal Server Error
ERROR:    Exception in ASGI application
Traceback (most recent call last):
  File "/Users/jaypatel/Desktop/Development/Jay/Backbone-Fastapi-CBV/.venv/lib/python3.13/site-packages/uvicorn/protocols/http/h11_impl.py", line 410, in run_asgi
    result = await app(  # type: ignore[func-returns-value]
             ^^^^^^^^^^^^^^^^^^^^^^^^^^^^^^^^^^^^^^^^^^^^^^
        self.scope, self.receive, self.send
        ^^^^^^^^^^^^^^^^^^^^^^^^^^^^^^^^^^^
    )
    ^
  File "/Users/jaypatel/Desktop/Development/Jay/Backbone-Fastapi-CBV/.venv/lib/python3.13/site-packages/uvicorn/middleware/proxy_headers.py", line 60, in __call__
    return await self.app(scope, receive, send)
           ^^^^^^^^^^^^^^^^^^^^^^^^^^^^^^^^^^^^
  File "/Users/jaypatel/Desktop/Development/Jay/Backbone-Fastapi-CBV/.venv/lib/python3.13/site-packages/fastapi/applications.py", line 1135, in __call__
    await super().__call__(scope, receive, send)
  File "/Users/jaypatel/Desktop/Development/Jay/Backbone-Fastapi-CBV/.venv/lib/python3.13/site-packages/starlette/applications.py", line 107, in __call__
    await self.middleware_stack(scope, receive, send)
  File "/Users/jaypatel/Desktop/Development/Jay/Backbone-Fastapi-CBV/.venv/lib/python3.13/site-packages/starlette/middleware/errors.py", line 186, in __call__
    raise exc
  File "/Users/jaypatel/Desktop/Development/Jay/Backbone-Fastapi-CBV/.venv/lib/python3.13/site-packages/starlette/middleware/errors.py", line 164, in __call__
    await self.app(scope, receive, _send)
  File "/Users/jaypatel/Desktop/Development/Jay/Backbone-Fastapi-CBV/.venv/lib/python3.13/site-packages/starlette/middleware/exceptions.py", line 63, in __call__
    await wrap_app_handling_exceptions(self.app, conn)(scope, receive, send)
  File "/Users/jaypatel/Desktop/Development/Jay/Backbone-Fastapi-CBV/.venv/lib/python3.13/site-packages/starlette/_exception_handler.py", line 53, in wrapped_app
    raise exc
  File "/Users/jaypatel/Desktop/Development/Jay/Backbone-Fastapi-CBV/.venv/lib/python3.13/site-packages/starlette/_exception_handler.py", line 42, in wrapped_app
    await app(scope, receive, sender)
  File "/Users/jaypatel/Desktop/Development/Jay/Backbone-Fastapi-CBV/.venv/lib/python3.13/site-packages/fastapi/middleware/asyncexitstack.py", line 18, in __call__
    await self.app(scope, receive, send)
  File "/Users/jaypatel/Desktop/Development/Jay/Backbone-Fastapi-CBV/.venv/lib/python3.13/site-packages/starlette/routing.py", line 716, in __call__
    await self.middleware_stack(scope, receive, send)
  File "/Users/jaypatel/Desktop/Development/Jay/Backbone-Fastapi-CBV/.venv/lib/python3.13/site-packages/starlette/routing.py", line 736, in app
    await route.handle(scope, receive, send)
  File "/Users/jaypatel/Desktop/Development/Jay/Backbone-Fastapi-CBV/.venv/lib/python3.13/site-packages/starlette/routing.py", line 290, in handle
    await self.app(scope, receive, send)
  File "/Users/jaypatel/Desktop/Development/Jay/Backbone-Fastapi-CBV/.venv/lib/python3.13/site-packages/fastapi/routing.py", line 115, in app
    await wrap_app_handling_exceptions(app, request)(scope, receive, send)
  File "/Users/jaypatel/Desktop/Development/Jay/Backbone-Fastapi-CBV/.venv/lib/python3.13/site-packages/starlette/_exception_handler.py", line 53, in wrapped_app
    raise exc
  File "/Users/jaypatel/Desktop/Development/Jay/Backbone-Fastapi-CBV/.venv/lib/python3.13/site-packages/starlette/_exception_handler.py", line 42, in wrapped_app
    await app(scope, receive, sender)
  File "/Users/jaypatel/Desktop/Development/Jay/Backbone-Fastapi-CBV/.venv/lib/python3.13/site-packages/fastapi/routing.py", line 101, in app
    response = await f(request)
               ^^^^^^^^^^^^^^^^
  File "/Users/jaypatel/Desktop/Development/Jay/Backbone-Fastapi-CBV/.venv/lib/python3.13/site-packages/fastapi/routing.py", line 355, in app
    raw_response = await run_endpoint_function(
                   ^^^^^^^^^^^^^^^^^^^^^^^^^^^^
    ...<3 lines>...
    )
    ^
  File "/Users/jaypatel/Desktop/Development/Jay/Backbone-Fastapi-CBV/.venv/lib/python3.13/site-packages/fastapi/routing.py", line 243, in run_endpoint_function
    return await dependant.call(**values)
           ^^^^^^^^^^^^^^^^^^^^^^^^^^^^^^
  File "/Users/jaypatel/Desktop/Development/Jay/Backbone-Fastapi-CBV/backbone/admin/router.py", line 328, in model_detail
    return templates.TemplateResponse("model_detail.html", {
           ~~~~~~~~~~~~~~~~~~~~~~~~~~^^^^^^^^^^^^^^^^^^^^^^^
        "request": request,
        ^^^^^^^^^^^^^^^^^^^
    ...<5 lines>...
        "now": datetime.now(timezone.utc)
        ^^^^^^^^^^^^^^^^^^^^^^^^^^^^^^^^^
    })
    ^^
  File "/Users/jaypatel/Desktop/Development/Jay/Backbone-Fastapi-CBV/.venv/lib/python3.13/site-packages/starlette/templating.py", line 210, in TemplateResponse
    return _TemplateResponse(
        template,
    ...<4 lines>...
        background=background,
    )
  File "/Users/jaypatel/Desktop/Development/Jay/Backbone-Fastapi-CBV/.venv/lib/python3.13/site-packages/starlette/templating.py", line 41, in __init__
    content = template.render(context)
  File "/Users/jaypatel/Desktop/Development/Jay/Backbone-Fastapi-CBV/.venv/lib/python3.13/site-packages/jinja2/environment.py", line 1295, in render
    self.environment.handle_exception()
    ~~~~~~~~~~~~~~~~~~~~~~~~~~~~~~~~~^^
  File "/Users/jaypatel/Desktop/Development/Jay/Backbone-Fastapi-CBV/.venv/lib/python3.13/site-packages/jinja2/environment.py", line 942, in handle_exception
    raise rewrite_traceback_stack(source=source)
  File "/Users/jaypatel/Desktop/Development/Jay/Backbone-Fastapi-CBV/backbone/admin/templates/model_detail.html", line 1, in top-level template code
    {% extends "base.html" %}
  File "/Users/jaypatel/Desktop/Development/Jay/Backbone-Fastapi-CBV/backbone/admin/templates/base.html", line 108, in top-level template code
    {% block content %}{% endblock %}
    ^^^^^^^^^
  File "/Users/jaypatel/Desktop/Development/Jay/Backbone-Fastapi-CBV/backbone/admin/templates/model_detail.html", line 64, in block 'content'
    class="w-full bg-white border border-slate-200 rounded-xl px-4 py-3 focus:outline-none focus:ring-2 focus:ring-indigo-500/20 focus:border-indigo-500 transition-all font-mono text-sm">{{ value | tojson(indent=2) }}</textarea>
    ^^^^^
  File "/Users/jaypatel/Desktop/Development/Jay/Backbone-Fastapi-CBV/.venv/lib/python3.13/site-packages/jinja2/filters.py", line 1721, in do_tojson
    return htmlsafe_json_dumps(value, dumps=dumps, **kwargs)
  File "/Users/jaypatel/Desktop/Development/Jay/Backbone-Fastapi-CBV/.venv/lib/python3.13/site-packages/jinja2/utils.py", line 669, in htmlsafe_json_dumps
    dumps(obj, **kwargs)
    ~~~~~^^^^^^^^^^^^^^^
  File "/opt/homebrew/Cellar/python@3.13/3.13.7/Frameworks/Python.framework/Versions/3.13/lib/python3.13/json/__init__.py", line 238, in dumps
    **kw).encode(obj)
          ~~~~~~^^^^^
  File "/opt/homebrew/Cellar/python@3.13/3.13.7/Frameworks/Python.framework/Versions/3.13/lib/python3.13/json/encoder.py", line 200, in encode
    chunks = self.iterencode(o, _one_shot=True)
  File "/opt/homebrew/Cellar/python@3.13/3.13.7/Frameworks/Python.framework/Versions/3.13/lib/python3.13/json/encoder.py", line 261, in iterencode
    return _iterencode(o, 0)
  File "/opt/homebrew/Cellar/python@3.13/3.13.7/Frameworks/Python.framework/Versions/3.13/lib/python3.13/json/encoder.py", line 180, in default
    raise TypeError(f'Object of type {o.__class__.__name__} '
                    f'is not JSON serializable')
TypeError: Object of type Undefined is not JSON serializable
INFO:     127.0.0.1:51663 - "GET /admin/BlogCategory/699753c6dfa2c06b5c48fecf HTTP/1.1" 500 Internal Server Error
ERROR:    Exception in ASGI application
Traceback (most recent call last):
  File "/Users/jaypatel/Desktop/Development/Jay/Backbone-Fastapi-CBV/.venv/lib/python3.13/site-packages/uvicorn/protocols/http/h11_impl.py", line 410, in run_asgi
    result = await app(  # type: ignore[func-returns-value]
             ^^^^^^^^^^^^^^^^^^^^^^^^^^^^^^^^^^^^^^^^^^^^^^
        self.scope, self.receive, self.send
        ^^^^^^^^^^^^^^^^^^^^^^^^^^^^^^^^^^^
    )
    ^
  File "/Users/jaypatel/Desktop/Development/Jay/Backbone-Fastapi-CBV/.venv/lib/python3.13/site-packages/uvicorn/middleware/proxy_headers.py", line 60, in __call__
    return await self.app(scope, receive, send)
           ^^^^^^^^^^^^^^^^^^^^^^^^^^^^^^^^^^^^
  File "/Users/jaypatel/Desktop/Development/Jay/Backbone-Fastapi-CBV/.venv/lib/python3.13/site-packages/fastapi/applications.py", line 1135, in __call__
    await super().__call__(scope, receive, send)
  File "/Users/jaypatel/Desktop/Development/Jay/Backbone-Fastapi-CBV/.venv/lib/python3.13/site-packages/starlette/applications.py", line 107, in __call__
    await self.middleware_stack(scope, receive, send)
  File "/Users/jaypatel/Desktop/Development/Jay/Backbone-Fastapi-CBV/.venv/lib/python3.13/site-packages/starlette/middleware/errors.py", line 186, in __call__
    raise exc
  File "/Users/jaypatel/Desktop/Development/Jay/Backbone-Fastapi-CBV/.venv/lib/python3.13/site-packages/starlette/middleware/errors.py", line 164, in __call__
    await self.app(scope, receive, _send)
  File "/Users/jaypatel/Desktop/Development/Jay/Backbone-Fastapi-CBV/.venv/lib/python3.13/site-packages/starlette/middleware/exceptions.py", line 63, in __call__
    await wrap_app_handling_exceptions(self.app, conn)(scope, receive, send)
  File "/Users/jaypatel/Desktop/Development/Jay/Backbone-Fastapi-CBV/.venv/lib/python3.13/site-packages/starlette/_exception_handler.py", line 53, in wrapped_app
    raise exc
  File "/Users/jaypatel/Desktop/Development/Jay/Backbone-Fastapi-CBV/.venv/lib/python3.13/site-packages/starlette/_exception_handler.py", line 42, in wrapped_app
    await app(scope, receive, sender)
  File "/Users/jaypatel/Desktop/Development/Jay/Backbone-Fastapi-CBV/.venv/lib/python3.13/site-packages/fastapi/middleware/asyncexitstack.py", line 18, in __call__
    await self.app(scope, receive, send)
  File "/Users/jaypatel/Desktop/Development/Jay/Backbone-Fastapi-CBV/.venv/lib/python3.13/site-packages/starlette/routing.py", line 716, in __call__
    await self.middleware_stack(scope, receive, send)
  File "/Users/jaypatel/Desktop/Development/Jay/Backbone-Fastapi-CBV/.venv/lib/python3.13/site-packages/starlette/routing.py", line 736, in app
    await route.handle(scope, receive, send)
  File "/Users/jaypatel/Desktop/Development/Jay/Backbone-Fastapi-CBV/.venv/lib/python3.13/site-packages/starlette/routing.py", line 290, in handle
    await self.app(scope, receive, send)
  File "/Users/jaypatel/Desktop/Development/Jay/Backbone-Fastapi-CBV/.venv/lib/python3.13/site-packages/fastapi/routing.py", line 115, in app
    await wrap_app_handling_exceptions(app, request)(scope, receive, send)
  File "/Users/jaypatel/Desktop/Development/Jay/Backbone-Fastapi-CBV/.venv/lib/python3.13/site-packages/starlette/_exception_handler.py", line 53, in wrapped_app
    raise exc
  File "/Users/jaypatel/Desktop/Development/Jay/Backbone-Fastapi-CBV/.venv/lib/python3.13/site-packages/starlette/_exception_handler.py", line 42, in wrapped_app
    await app(scope, receive, sender)
  File "/Users/jaypatel/Desktop/Development/Jay/Backbone-Fastapi-CBV/.venv/lib/python3.13/site-packages/fastapi/routing.py", line 101, in app
    response = await f(request)
               ^^^^^^^^^^^^^^^^
  File "/Users/jaypatel/Desktop/Development/Jay/Backbone-Fastapi-CBV/.venv/lib/python3.13/site-packages/fastapi/routing.py", line 355, in app
    raw_response = await run_endpoint_function(
                   ^^^^^^^^^^^^^^^^^^^^^^^^^^^^
    ...<3 lines>...
    )
    ^
  File "/Users/jaypatel/Desktop/Development/Jay/Backbone-Fastapi-CBV/.venv/lib/python3.13/site-packages/fastapi/routing.py", line 243, in run_endpoint_function
    return await dependant.call(**values)
           ^^^^^^^^^^^^^^^^^^^^^^^^^^^^^^
  File "/Users/jaypatel/Desktop/Development/Jay/Backbone-Fastapi-CBV/backbone/admin/router.py", line 328, in model_detail
    return templates.TemplateResponse("model_detail.html", {
           ~~~~~~~~~~~~~~~~~~~~~~~~~~^^^^^^^^^^^^^^^^^^^^^^^
        "request": request,
        ^^^^^^^^^^^^^^^^^^^
    ...<5 lines>...
        "now": datetime.now(timezone.utc)
        ^^^^^^^^^^^^^^^^^^^^^^^^^^^^^^^^^
    })
    ^^
  File "/Users/jaypatel/Desktop/Development/Jay/Backbone-Fastapi-CBV/.venv/lib/python3.13/site-packages/starlette/templating.py", line 210, in TemplateResponse
    return _TemplateResponse(
        template,
    ...<4 lines>...
        background=background,
    )
  File "/Users/jaypatel/Desktop/Development/Jay/Backbone-Fastapi-CBV/.venv/lib/python3.13/site-packages/starlette/templating.py", line 41, in __init__
    content = template.render(context)
  File "/Users/jaypatel/Desktop/Development/Jay/Backbone-Fastapi-CBV/.venv/lib/python3.13/site-packages/jinja2/environment.py", line 1295, in render
    self.environment.handle_exception()
    ~~~~~~~~~~~~~~~~~~~~~~~~~~~~~~~~~^^
  File "/Users/jaypatel/Desktop/Development/Jay/Backbone-Fastapi-CBV/.venv/lib/python3.13/site-packages/jinja2/environment.py", line 942, in handle_exception
    raise rewrite_traceback_stack(source=source)
  File "/Users/jaypatel/Desktop/Development/Jay/Backbone-Fastapi-CBV/backbone/admin/templates/model_detail.html", line 1, in top-level template code
    {% extends "base.html" %}
  File "/Users/jaypatel/Desktop/Development/Jay/Backbone-Fastapi-CBV/backbone/admin/templates/base.html", line 108, in top-level template code
    {% block content %}{% endblock %}
    ^^^^^^^^^
  File "/Users/jaypatel/Desktop/Development/Jay/Backbone-Fastapi-CBV/backbone/admin/templates/model_detail.html", line 64, in block 'content'
    class="w-full bg-white border border-slate-200 rounded-xl px-4 py-3 focus:outline-none focus:ring-2 focus:ring-indigo-500/20 focus:border-indigo-500 transition-all font-mono text-sm">{{ value | tojson(indent=2) }}</textarea>
    ^^^^^
  File "/Users/jaypatel/Desktop/Development/Jay/Backbone-Fastapi-CBV/.venv/lib/python3.13/site-packages/jinja2/filters.py", line 1721, in do_tojson
    return htmlsafe_json_dumps(value, dumps=dumps, **kwargs)
  File "/Users/jaypatel/Desktop/Development/Jay/Backbone-Fastapi-CBV/.venv/lib/python3.13/site-packages/jinja2/utils.py", line 669, in htmlsafe_json_dumps
    dumps(obj, **kwargs)
    ~~~~~^^^^^^^^^^^^^^^
  File "/opt/homebrew/Cellar/python@3.13/3.13.7/Frameworks/Python.framework/Versions/3.13/lib/python3.13/json/__init__.py", line 238, in dumps
    **kw).encode(obj)
          ~~~~~~^^^^^
  File "/opt/homebrew/Cellar/python@3.13/3.13.7/Frameworks/Python.framework/Versions/3.13/lib/python3.13/json/encoder.py", line 200, in encode
    chunks = self.iterencode(o, _one_shot=True)
  File "/opt/homebrew/Cellar/python@3.13/3.13.7/Frameworks/Python.framework/Versions/3.13/lib/python3.13/json/encoder.py", line 261, in iterencode
    return _iterencode(o, 0)
  File "/opt/homebrew/Cellar/python@3.13/3.13.7/Frameworks/Python.framework/Versions/3.13/lib/python3.13/json/encoder.py", line 180, in default
    raise TypeError(f'Object of type {o.__class__.__name__} '
                    f'is not JSON serializable')
TypeError: Object of type Undefined is not JSON serializable
INFO:     127.0.0.1:51680 - "GET /admin/BlogCategory/699753c6dfa2c06b5c48fecf HTTP/1.1" 500 Internal Server Error
ERROR:    Exception in ASGI application
Traceback (most recent call last):
  File "/Users/jaypatel/Desktop/Development/Jay/Backbone-Fastapi-CBV/.venv/lib/python3.13/site-packages/uvicorn/protocols/http/h11_impl.py", line 410, in run_asgi
    result = await app(  # type: ignore[func-returns-value]
             ^^^^^^^^^^^^^^^^^^^^^^^^^^^^^^^^^^^^^^^^^^^^^^
        self.scope, self.receive, self.send
        ^^^^^^^^^^^^^^^^^^^^^^^^^^^^^^^^^^^
    )
    ^
  File "/Users/jaypatel/Desktop/Development/Jay/Backbone-Fastapi-CBV/.venv/lib/python3.13/site-packages/uvicorn/middleware/proxy_headers.py", line 60, in __call__
    return await self.app(scope, receive, send)
           ^^^^^^^^^^^^^^^^^^^^^^^^^^^^^^^^^^^^
  File "/Users/jaypatel/Desktop/Development/Jay/Backbone-Fastapi-CBV/.venv/lib/python3.13/site-packages/fastapi/applications.py", line 1135, in __call__
    await super().__call__(scope, receive, send)
  File "/Users/jaypatel/Desktop/Development/Jay/Backbone-Fastapi-CBV/.venv/lib/python3.13/site-packages/starlette/applications.py", line 107, in __call__
    await self.middleware_stack(scope, receive, send)
  File "/Users/jaypatel/Desktop/Development/Jay/Backbone-Fastapi-CBV/.venv/lib/python3.13/site-packages/starlette/middleware/errors.py", line 186, in __call__
    raise exc
  File "/Users/jaypatel/Desktop/Development/Jay/Backbone-Fastapi-CBV/.venv/lib/python3.13/site-packages/starlette/middleware/errors.py", line 164, in __call__
    await self.app(scope, receive, _send)
  File "/Users/jaypatel/Desktop/Development/Jay/Backbone-Fastapi-CBV/.venv/lib/python3.13/site-packages/starlette/middleware/exceptions.py", line 63, in __call__
    await wrap_app_handling_exceptions(self.app, conn)(scope, receive, send)
  File "/Users/jaypatel/Desktop/Development/Jay/Backbone-Fastapi-CBV/.venv/lib/python3.13/site-packages/starlette/_exception_handler.py", line 53, in wrapped_app
    raise exc
  File "/Users/jaypatel/Desktop/Development/Jay/Backbone-Fastapi-CBV/.venv/lib/python3.13/site-packages/starlette/_exception_handler.py", line 42, in wrapped_app
    await app(scope, receive, sender)
  File "/Users/jaypatel/Desktop/Development/Jay/Backbone-Fastapi-CBV/.venv/lib/python3.13/site-packages/fastapi/middleware/asyncexitstack.py", line 18, in __call__
    await self.app(scope, receive, send)
  File "/Users/jaypatel/Desktop/Development/Jay/Backbone-Fastapi-CBV/.venv/lib/python3.13/site-packages/starlette/routing.py", line 716, in __call__
    await self.middleware_stack(scope, receive, send)
  File "/Users/jaypatel/Desktop/Development/Jay/Backbone-Fastapi-CBV/.venv/lib/python3.13/site-packages/starlette/routing.py", line 736, in app
    await route.handle(scope, receive, send)
  File "/Users/jaypatel/Desktop/Development/Jay/Backbone-Fastapi-CBV/.venv/lib/python3.13/site-packages/starlette/routing.py", line 290, in handle
    await self.app(scope, receive, send)
  File "/Users/jaypatel/Desktop/Development/Jay/Backbone-Fastapi-CBV/.venv/lib/python3.13/site-packages/fastapi/routing.py", line 115, in app
    await wrap_app_handling_exceptions(app, request)(scope, receive, send)
  File "/Users/jaypatel/Desktop/Development/Jay/Backbone-Fastapi-CBV/.venv/lib/python3.13/site-packages/starlette/_exception_handler.py", line 53, in wrapped_app
    raise exc
  File "/Users/jaypatel/Desktop/Development/Jay/Backbone-Fastapi-CBV/.venv/lib/python3.13/site-packages/starlette/_exception_handler.py", line 42, in wrapped_app
    await app(scope, receive, sender)
  File "/Users/jaypatel/Desktop/Development/Jay/Backbone-Fastapi-CBV/.venv/lib/python3.13/site-packages/fastapi/routing.py", line 101, in app
    response = await f(request)
               ^^^^^^^^^^^^^^^^
  File "/Users/jaypatel/Desktop/Development/Jay/Backbone-Fastapi-CBV/.venv/lib/python3.13/site-packages/fastapi/routing.py", line 355, in app
    raw_response = await run_endpoint_function(
                   ^^^^^^^^^^^^^^^^^^^^^^^^^^^^
    ...<3 lines>...
    )
    ^
  File "/Users/jaypatel/Desktop/Development/Jay/Backbone-Fastapi-CBV/.venv/lib/python3.13/site-packages/fastapi/routing.py", line 243, in run_endpoint_function
    return await dependant.call(**values)
           ^^^^^^^^^^^^^^^^^^^^^^^^^^^^^^
  File "/Users/jaypatel/Desktop/Development/Jay/Backbone-Fastapi-CBV/backbone/admin/router.py", line 328, in model_detail
    return templates.TemplateResponse("model_detail.html", {
           ~~~~~~~~~~~~~~~~~~~~~~~~~~^^^^^^^^^^^^^^^^^^^^^^^
        "request": request,
        ^^^^^^^^^^^^^^^^^^^
    ...<5 lines>...
        "now": datetime.now(timezone.utc)
        ^^^^^^^^^^^^^^^^^^^^^^^^^^^^^^^^^
    })
    ^^
  File "/Users/jaypatel/Desktop/Development/Jay/Backbone-Fastapi-CBV/.venv/lib/python3.13/site-packages/starlette/templating.py", line 210, in TemplateResponse
    return _TemplateResponse(
        template,
    ...<4 lines>...
        background=background,
    )
  File "/Users/jaypatel/Desktop/Development/Jay/Backbone-Fastapi-CBV/.venv/lib/python3.13/site-packages/starlette/templating.py", line 41, in __init__
    content = template.render(context)
  File "/Users/jaypatel/Desktop/Development/Jay/Backbone-Fastapi-CBV/.venv/lib/python3.13/site-packages/jinja2/environment.py", line 1295, in render
    self.environment.handle_exception()
    ~~~~~~~~~~~~~~~~~~~~~~~~~~~~~~~~~^^
  File "/Users/jaypatel/Desktop/Development/Jay/Backbone-Fastapi-CBV/.venv/lib/python3.13/site-packages/jinja2/environment.py", line 942, in handle_exception
    raise rewrite_traceback_stack(source=source)
  File "/Users/jaypatel/Desktop/Development/Jay/Backbone-Fastapi-CBV/backbone/admin/templates/model_detail.html", line 1, in top-level template code
    {% extends "base.html" %}
  File "/Users/jaypatel/Desktop/Development/Jay/Backbone-Fastapi-CBV/backbone/admin/templates/base.html", line 108, in top-level template code
    {% block content %}{% endblock %}
    ^^^^^^^^^
  File "/Users/jaypatel/Desktop/Development/Jay/Backbone-Fastapi-CBV/backbone/admin/templates/model_detail.html", line 64, in block 'content'
    class="w-full bg-white border border-slate-200 rounded-xl px-4 py-3 focus:outline-none focus:ring-2 focus:ring-indigo-500/20 focus:border-indigo-500 transition-all font-mono text-sm">{{ value | tojson(indent=2) }}</textarea>
    ^^^^^
  File "/Users/jaypatel/Desktop/Development/Jay/Backbone-Fastapi-CBV/.venv/lib/python3.13/site-packages/jinja2/filters.py", line 1721, in do_tojson
    return htmlsafe_json_dumps(value, dumps=dumps, **kwargs)
  File "/Users/jaypatel/Desktop/Development/Jay/Backbone-Fastapi-CBV/.venv/lib/python3.13/site-packages/jinja2/utils.py", line 669, in htmlsafe_json_dumps
    dumps(obj, **kwargs)
    ~~~~~^^^^^^^^^^^^^^^
  File "/opt/homebrew/Cellar/python@3.13/3.13.7/Frameworks/Python.framework/Versions/3.13/lib/python3.13/json/__init__.py", line 238, in dumps
    **kw).encode(obj)
          ~~~~~~^^^^^
  File "/opt/homebrew/Cellar/python@3.13/3.13.7/Frameworks/Python.framework/Versions/3.13/lib/python3.13/json/encoder.py", line 200, in encode
    chunks = self.iterencode(o, _one_shot=True)
  File "/opt/homebrew/Cellar/python@3.13/3.13.7/Frameworks/Python.framework/Versions/3.13/lib/python3.13/json/encoder.py", line 261, in iterencode
    return _iterencode(o, 0)
  File "/opt/homebrew/Cellar/python@3.13/3.13.7/Frameworks/Python.framework/Versions/3.13/lib/python3.13/json/encoder.py", line 180, in default
    raise TypeError(f'Object of type {o.__class__.__name__} '
                    f'is not JSON serializable')
TypeError: Object of type Undefined is not JSON serializable
INFO:     127.0.0.1:51682 - "GET /admin/BlogCategory HTTP/1.1" 200 OK
INFO:     127.0.0.1:51682 - "GET /admin/BlogCategory/699753c6dfa2c06b5c48fed3 HTTP/1.1" 500 Internal Server Error
ERROR:    Exception in ASGI application
Traceback (most recent call last):
  File "/Users/jaypatel/Desktop/Development/Jay/Backbone-Fastapi-CBV/.venv/lib/python3.13/site-packages/uvicorn/protocols/http/h11_impl.py", line 410, in run_asgi
    result = await app(  # type: ignore[func-returns-value]
             ^^^^^^^^^^^^^^^^^^^^^^^^^^^^^^^^^^^^^^^^^^^^^^
        self.scope, self.receive, self.send
        ^^^^^^^^^^^^^^^^^^^^^^^^^^^^^^^^^^^
    )
    ^
  File "/Users/jaypatel/Desktop/Development/Jay/Backbone-Fastapi-CBV/.venv/lib/python3.13/site-packages/uvicorn/middleware/proxy_headers.py", line 60, in __call__
    return await self.app(scope, receive, send)
           ^^^^^^^^^^^^^^^^^^^^^^^^^^^^^^^^^^^^
  File "/Users/jaypatel/Desktop/Development/Jay/Backbone-Fastapi-CBV/.venv/lib/python3.13/site-packages/fastapi/applications.py", line 1135, in __call__
    await super().__call__(scope, receive, send)
  File "/Users/jaypatel/Desktop/Development/Jay/Backbone-Fastapi-CBV/.venv/lib/python3.13/site-packages/starlette/applications.py", line 107, in __call__
    await self.middleware_stack(scope, receive, send)
  File "/Users/jaypatel/Desktop/Development/Jay/Backbone-Fastapi-CBV/.venv/lib/python3.13/site-packages/starlette/middleware/errors.py", line 186, in __call__
    raise exc
  File "/Users/jaypatel/Desktop/Development/Jay/Backbone-Fastapi-CBV/.venv/lib/python3.13/site-packages/starlette/middleware/errors.py", line 164, in __call__
    await self.app(scope, receive, _send)
  File "/Users/jaypatel/Desktop/Development/Jay/Backbone-Fastapi-CBV/.venv/lib/python3.13/site-packages/starlette/middleware/exceptions.py", line 63, in __call__
    await wrap_app_handling_exceptions(self.app, conn)(scope, receive, send)
  File "/Users/jaypatel/Desktop/Development/Jay/Backbone-Fastapi-CBV/.venv/lib/python3.13/site-packages/starlette/_exception_handler.py", line 53, in wrapped_app
    raise exc
  File "/Users/jaypatel/Desktop/Development/Jay/Backbone-Fastapi-CBV/.venv/lib/python3.13/site-packages/starlette/_exception_handler.py", line 42, in wrapped_app
    await app(scope, receive, sender)
  File "/Users/jaypatel/Desktop/Development/Jay/Backbone-Fastapi-CBV/.venv/lib/python3.13/site-packages/fastapi/middleware/asyncexitstack.py", line 18, in __call__
    await self.app(scope, receive, send)
  File "/Users/jaypatel/Desktop/Development/Jay/Backbone-Fastapi-CBV/.venv/lib/python3.13/site-packages/starlette/routing.py", line 716, in __call__
    await self.middleware_stack(scope, receive, send)
  File "/Users/jaypatel/Desktop/Development/Jay/Backbone-Fastapi-CBV/.venv/lib/python3.13/site-packages/starlette/routing.py", line 736, in app
    await route.handle(scope, receive, send)
  File "/Users/jaypatel/Desktop/Development/Jay/Backbone-Fastapi-CBV/.venv/lib/python3.13/site-packages/starlette/routing.py", line 290, in handle
    await self.app(scope, receive, send)
  File "/Users/jaypatel/Desktop/Development/Jay/Backbone-Fastapi-CBV/.venv/lib/python3.13/site-packages/fastapi/routing.py", line 115, in app
    await wrap_app_handling_exceptions(app, request)(scope, receive, send)
  File "/Users/jaypatel/Desktop/Development/Jay/Backbone-Fastapi-CBV/.venv/lib/python3.13/site-packages/starlette/_exception_handler.py", line 53, in wrapped_app
    raise exc
  File "/Users/jaypatel/Desktop/Development/Jay/Backbone-Fastapi-CBV/.venv/lib/python3.13/site-packages/starlette/_exception_handler.py", line 42, in wrapped_app
    await app(scope, receive, sender)
  File "/Users/jaypatel/Desktop/Development/Jay/Backbone-Fastapi-CBV/.venv/lib/python3.13/site-packages/fastapi/routing.py", line 101, in app
    response = await f(request)
               ^^^^^^^^^^^^^^^^
  File "/Users/jaypatel/Desktop/Development/Jay/Backbone-Fastapi-CBV/.venv/lib/python3.13/site-packages/fastapi/routing.py", line 355, in app
    raw_response = await run_endpoint_function(
                   ^^^^^^^^^^^^^^^^^^^^^^^^^^^^
    ...<3 lines>...
    )
    ^
  File "/Users/jaypatel/Desktop/Development/Jay/Backbone-Fastapi-CBV/.venv/lib/python3.13/site-packages/fastapi/routing.py", line 243, in run_endpoint_function
    return await dependant.call(**values)
           ^^^^^^^^^^^^^^^^^^^^^^^^^^^^^^
  File "/Users/jaypatel/Desktop/Development/Jay/Backbone-Fastapi-CBV/backbone/admin/router.py", line 328, in model_detail
    return templates.TemplateResponse("model_detail.html", {
           ~~~~~~~~~~~~~~~~~~~~~~~~~~^^^^^^^^^^^^^^^^^^^^^^^
        "request": request,
        ^^^^^^^^^^^^^^^^^^^
    ...<5 lines>...
        "now": datetime.now(timezone.utc)
        ^^^^^^^^^^^^^^^^^^^^^^^^^^^^^^^^^
    })
    ^^
  File "/Users/jaypatel/Desktop/Development/Jay/Backbone-Fastapi-CBV/.venv/lib/python3.13/site-packages/starlette/templating.py", line 210, in TemplateResponse
    return _TemplateResponse(
        template,
    ...<4 lines>...
        background=background,
    )
  File "/Users/jaypatel/Desktop/Development/Jay/Backbone-Fastapi-CBV/.venv/lib/python3.13/site-packages/starlette/templating.py", line 41, in __init__
    content = template.render(context)
  File "/Users/jaypatel/Desktop/Development/Jay/Backbone-Fastapi-CBV/.venv/lib/python3.13/site-packages/jinja2/environment.py", line 1295, in render
    self.environment.handle_exception()
    ~~~~~~~~~~~~~~~~~~~~~~~~~~~~~~~~~^^
  File "/Users/jaypatel/Desktop/Development/Jay/Backbone-Fastapi-CBV/.venv/lib/python3.13/site-packages/jinja2/environment.py", line 942, in handle_exception
    raise rewrite_traceback_stack(source=source)
  File "/Users/jaypatel/Desktop/Development/Jay/Backbone-Fastapi-CBV/backbone/admin/templates/model_detail.html", line 1, in top-level template code
    {% extends "base.html" %}
  File "/Users/jaypatel/Desktop/Development/Jay/Backbone-Fastapi-CBV/backbone/admin/templates/base.html", line 108, in top-level template code
    {% block content %}{% endblock %}
    ^^^^^^^^^
  File "/Users/jaypatel/Desktop/Development/Jay/Backbone-Fastapi-CBV/backbone/admin/templates/model_detail.html", line 64, in block 'content'
    class="w-full bg-white border border-slate-200 rounded-xl px-4 py-3 focus:outline-none focus:ring-2 focus:ring-indigo-500/20 focus:border-indigo-500 transition-all font-mono text-sm">{{ value | tojson(indent=2) }}</textarea>
    ^^^^^
  File "/Users/jaypatel/Desktop/Development/Jay/Backbone-Fastapi-CBV/.venv/lib/python3.13/site-packages/jinja2/filters.py", line 1721, in do_tojson
    return htmlsafe_json_dumps(value, dumps=dumps, **kwargs)
  File "/Users/jaypatel/Desktop/Development/Jay/Backbone-Fastapi-CBV/.venv/lib/python3.13/site-packages/jinja2/utils.py", line 669, in htmlsafe_json_dumps
    dumps(obj, **kwargs)
    ~~~~~^^^^^^^^^^^^^^^
  File "/opt/homebrew/Cellar/python@3.13/3.13.7/Frameworks/Python.framework/Versions/3.13/lib/python3.13/json/__init__.py", line 238, in dumps
    **kw).encode(obj)
          ~~~~~~^^^^^
  File "/opt/homebrew/Cellar/python@3.13/3.13.7/Frameworks/Python.framework/Versions/3.13/lib/python3.13/json/encoder.py", line 200, in encode
    chunks = self.iterencode(o, _one_shot=True)
  File "/opt/homebrew/Cellar/python@3.13/3.13.7/Frameworks/Python.framework/Versions/3.13/lib/python3.13/json/encoder.py", line 261, in iterencode
    return _iterencode(o, 0)
  File "/opt/homebrew/Cellar/python@3.13/3.13.7/Frameworks/Python.framework/Versions/3.13/lib/python3.13/json/encoder.py", line 180, in default
    raise TypeError(f'Object of type {o.__class__.__name__} '
                    f'is not JSON serializable')
TypeError: Object of type Undefined is not JSON serializable
INFO:     127.0.0.1:51700 - "GET /admin/BlogCategory/699753c6dfa2c06b5c48fed3 HTTP/1.1" 500 Internal Server Error
ERROR:    Exception in ASGI application
Traceback (most recent call last):
  File "/Users/jaypatel/Desktop/Development/Jay/Backbone-Fastapi-CBV/.venv/lib/python3.13/site-packages/uvicorn/protocols/http/h11_impl.py", line 410, in run_asgi
    result = await app(  # type: ignore[func-returns-value]
             ^^^^^^^^^^^^^^^^^^^^^^^^^^^^^^^^^^^^^^^^^^^^^^
        self.scope, self.receive, self.send
        ^^^^^^^^^^^^^^^^^^^^^^^^^^^^^^^^^^^
    )
    ^
  File "/Users/jaypatel/Desktop/Development/Jay/Backbone-Fastapi-CBV/.venv/lib/python3.13/site-packages/uvicorn/middleware/proxy_headers.py", line 60, in __call__
    return await self.app(scope, receive, send)
           ^^^^^^^^^^^^^^^^^^^^^^^^^^^^^^^^^^^^
  File "/Users/jaypatel/Desktop/Development/Jay/Backbone-Fastapi-CBV/.venv/lib/python3.13/site-packages/fastapi/applications.py", line 1135, in __call__
    await super().__call__(scope, receive, send)
  File "/Users/jaypatel/Desktop/Development/Jay/Backbone-Fastapi-CBV/.venv/lib/python3.13/site-packages/starlette/applications.py", line 107, in __call__
    await self.middleware_stack(scope, receive, send)
  File "/Users/jaypatel/Desktop/Development/Jay/Backbone-Fastapi-CBV/.venv/lib/python3.13/site-packages/starlette/middleware/errors.py", line 186, in __call__
    raise exc
  File "/Users/jaypatel/Desktop/Development/Jay/Backbone-Fastapi-CBV/.venv/lib/python3.13/site-packages/starlette/middleware/errors.py", line 164, in __call__
    await self.app(scope, receive, _send)
  File "/Users/jaypatel/Desktop/Development/Jay/Backbone-Fastapi-CBV/.venv/lib/python3.13/site-packages/starlette/middleware/exceptions.py", line 63, in __call__
    await wrap_app_handling_exceptions(self.app, conn)(scope, receive, send)
  File "/Users/jaypatel/Desktop/Development/Jay/Backbone-Fastapi-CBV/.venv/lib/python3.13/site-packages/starlette/_exception_handler.py", line 53, in wrapped_app
    raise exc
  File "/Users/jaypatel/Desktop/Development/Jay/Backbone-Fastapi-CBV/.venv/lib/python3.13/site-packages/starlette/_exception_handler.py", line 42, in wrapped_app
    await app(scope, receive, sender)
  File "/Users/jaypatel/Desktop/Development/Jay/Backbone-Fastapi-CBV/.venv/lib/python3.13/site-packages/fastapi/middleware/asyncexitstack.py", line 18, in __call__
    await self.app(scope, receive, send)
  File "/Users/jaypatel/Desktop/Development/Jay/Backbone-Fastapi-CBV/.venv/lib/python3.13/site-packages/starlette/routing.py", line 716, in __call__
    await self.middleware_stack(scope, receive, send)
  File "/Users/jaypatel/Desktop/Development/Jay/Backbone-Fastapi-CBV/.venv/lib/python3.13/site-packages/starlette/routing.py", line 736, in app
    await route.handle(scope, receive, send)
  File "/Users/jaypatel/Desktop/Development/Jay/Backbone-Fastapi-CBV/.venv/lib/python3.13/site-packages/starlette/routing.py", line 290, in handle
    await self.app(scope, receive, send)
  File "/Users/jaypatel/Desktop/Development/Jay/Backbone-Fastapi-CBV/.venv/lib/python3.13/site-packages/fastapi/routing.py", line 115, in app
    await wrap_app_handling_exceptions(app, request)(scope, receive, send)
  File "/Users/jaypatel/Desktop/Development/Jay/Backbone-Fastapi-CBV/.venv/lib/python3.13/site-packages/starlette/_exception_handler.py", line 53, in wrapped_app
    raise exc
  File "/Users/jaypatel/Desktop/Development/Jay/Backbone-Fastapi-CBV/.venv/lib/python3.13/site-packages/starlette/_exception_handler.py", line 42, in wrapped_app
    await app(scope, receive, sender)
  File "/Users/jaypatel/Desktop/Development/Jay/Backbone-Fastapi-CBV/.venv/lib/python3.13/site-packages/fastapi/routing.py", line 101, in app
    response = await f(request)
               ^^^^^^^^^^^^^^^^
  File "/Users/jaypatel/Desktop/Development/Jay/Backbone-Fastapi-CBV/.venv/lib/python3.13/site-packages/fastapi/routing.py", line 355, in app
    raw_response = await run_endpoint_function(
                   ^^^^^^^^^^^^^^^^^^^^^^^^^^^^
    ...<3 lines>...
    )
    ^
  File "/Users/jaypatel/Desktop/Development/Jay/Backbone-Fastapi-CBV/.venv/lib/python3.13/site-packages/fastapi/routing.py", line 243, in run_endpoint_function
    return await dependant.call(**values)
           ^^^^^^^^^^^^^^^^^^^^^^^^^^^^^^
  File "/Users/jaypatel/Desktop/Development/Jay/Backbone-Fastapi-CBV/backbone/admin/router.py", line 328, in model_detail
    return templates.TemplateResponse("model_detail.html", {
           ~~~~~~~~~~~~~~~~~~~~~~~~~~^^^^^^^^^^^^^^^^^^^^^^^
        "request": request,
        ^^^^^^^^^^^^^^^^^^^
    ...<5 lines>...
        "now": datetime.now(timezone.utc)
        ^^^^^^^^^^^^^^^^^^^^^^^^^^^^^^^^^
    })
    ^^
  File "/Users/jaypatel/Desktop/Development/Jay/Backbone-Fastapi-CBV/.venv/lib/python3.13/site-packages/starlette/templating.py", line 210, in TemplateResponse
    return _TemplateResponse(
        template,
    ...<4 lines>...
        background=background,
    )
  File "/Users/jaypatel/Desktop/Development/Jay/Backbone-Fastapi-CBV/.venv/lib/python3.13/site-packages/starlette/templating.py", line 41, in __init__
    content = template.render(context)
  File "/Users/jaypatel/Desktop/Development/Jay/Backbone-Fastapi-CBV/.venv/lib/python3.13/site-packages/jinja2/environment.py", line 1295, in render
    self.environment.handle_exception()
    ~~~~~~~~~~~~~~~~~~~~~~~~~~~~~~~~~^^
  File "/Users/jaypatel/Desktop/Development/Jay/Backbone-Fastapi-CBV/.venv/lib/python3.13/site-packages/jinja2/environment.py", line 942, in handle_exception
    raise rewrite_traceback_stack(source=source)
  File "/Users/jaypatel/Desktop/Development/Jay/Backbone-Fastapi-CBV/backbone/admin/templates/model_detail.html", line 1, in top-level template code
    {% extends "base.html" %}
  File "/Users/jaypatel/Desktop/Development/Jay/Backbone-Fastapi-CBV/backbone/admin/templates/base.html", line 108, in top-level template code
    {% block content %}{% endblock %}
    ^^^^^^^^^
  File "/Users/jaypatel/Desktop/Development/Jay/Backbone-Fastapi-CBV/backbone/admin/templates/model_detail.html", line 64, in block 'content'
    class="w-full bg-white border border-slate-200 rounded-xl px-4 py-3 focus:outline-none focus:ring-2 focus:ring-indigo-500/20 focus:border-indigo-500 transition-all font-mono text-sm">{{ value | tojson(indent=2) }}</textarea>
    ^^^^^
  File "/Users/jaypatel/Desktop/Development/Jay/Backbone-Fastapi-CBV/.venv/lib/python3.13/site-packages/jinja2/filters.py", line 1721, in do_tojson
    return htmlsafe_json_dumps(value, dumps=dumps, **kwargs)
  File "/Users/jaypatel/Desktop/Development/Jay/Backbone-Fastapi-CBV/.venv/lib/python3.13/site-packages/jinja2/utils.py", line 669, in htmlsafe_json_dumps
    dumps(obj, **kwargs)
    ~~~~~^^^^^^^^^^^^^^^
  File "/opt/homebrew/Cellar/python@3.13/3.13.7/Frameworks/Python.framework/Versions/3.13/lib/python3.13/json/__init__.py", line 238, in dumps
    **kw).encode(obj)
          ~~~~~~^^^^^
  File "/opt/homebrew/Cellar/python@3.13/3.13.7/Frameworks/Python.framework/Versions/3.13/lib/python3.13/json/encoder.py", line 200, in encode
    chunks = self.iterencode(o, _one_shot=True)
  File "/opt/homebrew/Cellar/python@3.13/3.13.7/Frameworks/Python.framework/Versions/3.13/lib/python3.13/json/encoder.py", line 261, in iterencode
    return _iterencode(o, 0)
  File "/opt/homebrew/Cellar/python@3.13/3.13.7/Frameworks/Python.framework/Versions/3.13/lib/python3.13/json/encoder.py", line 180, in default
    raise TypeError(f'Object of type {o.__class__.__name__} '
                    f'is not JSON serializable')
TypeError: Object of type Undefined is not JSON serializable
INFO:     127.0.0.1:51701 - "GET /admin/BlogCategory/699753c6dfa2c06b5c48fed3 HTTP/1.1" 500 Internal Server Error
ERROR:    Exception in ASGI application
Traceback (most recent call last):
  File "/Users/jaypatel/Desktop/Development/Jay/Backbone-Fastapi-CBV/.venv/lib/python3.13/site-packages/uvicorn/protocols/http/h11_impl.py", line 410, in run_asgi
    result = await app(  # type: ignore[func-returns-value]
             ^^^^^^^^^^^^^^^^^^^^^^^^^^^^^^^^^^^^^^^^^^^^^^
        self.scope, self.receive, self.send
        ^^^^^^^^^^^^^^^^^^^^^^^^^^^^^^^^^^^
    )
    ^
  File "/Users/jaypatel/Desktop/Development/Jay/Backbone-Fastapi-CBV/.venv/lib/python3.13/site-packages/uvicorn/middleware/proxy_headers.py", line 60, in __call__
    return await self.app(scope, receive, send)
           ^^^^^^^^^^^^^^^^^^^^^^^^^^^^^^^^^^^^
  File "/Users/jaypatel/Desktop/Development/Jay/Backbone-Fastapi-CBV/.venv/lib/python3.13/site-packages/fastapi/applications.py", line 1135, in __call__
    await super().__call__(scope, receive, send)
  File "/Users/jaypatel/Desktop/Development/Jay/Backbone-Fastapi-CBV/.venv/lib/python3.13/site-packages/starlette/applications.py", line 107, in __call__
    await self.middleware_stack(scope, receive, send)
  File "/Users/jaypatel/Desktop/Development/Jay/Backbone-Fastapi-CBV/.venv/lib/python3.13/site-packages/starlette/middleware/errors.py", line 186, in __call__
    raise exc
  File "/Users/jaypatel/Desktop/Development/Jay/Backbone-Fastapi-CBV/.venv/lib/python3.13/site-packages/starlette/middleware/errors.py", line 164, in __call__
    await self.app(scope, receive, _send)
  File "/Users/jaypatel/Desktop/Development/Jay/Backbone-Fastapi-CBV/.venv/lib/python3.13/site-packages/starlette/middleware/exceptions.py", line 63, in __call__
    await wrap_app_handling_exceptions(self.app, conn)(scope, receive, send)
  File "/Users/jaypatel/Desktop/Development/Jay/Backbone-Fastapi-CBV/.venv/lib/python3.13/site-packages/starlette/_exception_handler.py", line 53, in wrapped_app
    raise exc
  File "/Users/jaypatel/Desktop/Development/Jay/Backbone-Fastapi-CBV/.venv/lib/python3.13/site-packages/starlette/_exception_handler.py", line 42, in wrapped_app
    await app(scope, receive, sender)
  File "/Users/jaypatel/Desktop/Development/Jay/Backbone-Fastapi-CBV/.venv/lib/python3.13/site-packages/fastapi/middleware/asyncexitstack.py", line 18, in __call__
    await self.app(scope, receive, send)
  File "/Users/jaypatel/Desktop/Development/Jay/Backbone-Fastapi-CBV/.venv/lib/python3.13/site-packages/starlette/routing.py", line 716, in __call__
    await self.middleware_stack(scope, receive, send)
  File "/Users/jaypatel/Desktop/Development/Jay/Backbone-Fastapi-CBV/.venv/lib/python3.13/site-packages/starlette/routing.py", line 736, in app
    await route.handle(scope, receive, send)
  File "/Users/jaypatel/Desktop/Development/Jay/Backbone-Fastapi-CBV/.venv/lib/python3.13/site-packages/starlette/routing.py", line 290, in handle
    await self.app(scope, receive, send)
  File "/Users/jaypatel/Desktop/Development/Jay/Backbone-Fastapi-CBV/.venv/lib/python3.13/site-packages/fastapi/routing.py", line 115, in app
    await wrap_app_handling_exceptions(app, request)(scope, receive, send)
  File "/Users/jaypatel/Desktop/Development/Jay/Backbone-Fastapi-CBV/.venv/lib/python3.13/site-packages/starlette/_exception_handler.py", line 53, in wrapped_app
    raise exc
  File "/Users/jaypatel/Desktop/Development/Jay/Backbone-Fastapi-CBV/.venv/lib/python3.13/site-packages/starlette/_exception_handler.py", line 42, in wrapped_app
    await app(scope, receive, sender)
  File "/Users/jaypatel/Desktop/Development/Jay/Backbone-Fastapi-CBV/.venv/lib/python3.13/site-packages/fastapi/routing.py", line 101, in app
    response = await f(request)
               ^^^^^^^^^^^^^^^^
  File "/Users/jaypatel/Desktop/Development/Jay/Backbone-Fastapi-CBV/.venv/lib/python3.13/site-packages/fastapi/routing.py", line 355, in app
    raw_response = await run_endpoint_function(
                   ^^^^^^^^^^^^^^^^^^^^^^^^^^^^
    ...<3 lines>...
    )
    ^
  File "/Users/jaypatel/Desktop/Development/Jay/Backbone-Fastapi-CBV/.venv/lib/python3.13/site-packages/fastapi/routing.py", line 243, in run_endpoint_function
    return await dependant.call(**values)
           ^^^^^^^^^^^^^^^^^^^^^^^^^^^^^^
  File "/Users/jaypatel/Desktop/Development/Jay/Backbone-Fastapi-CBV/backbone/admin/router.py", line 328, in model_detail
    return templates.TemplateResponse("model_detail.html", {
           ~~~~~~~~~~~~~~~~~~~~~~~~~~^^^^^^^^^^^^^^^^^^^^^^^
        "request": request,
        ^^^^^^^^^^^^^^^^^^^
    ...<5 lines>...
        "now": datetime.now(timezone.utc)
        ^^^^^^^^^^^^^^^^^^^^^^^^^^^^^^^^^
    })
    ^^
  File "/Users/jaypatel/Desktop/Development/Jay/Backbone-Fastapi-CBV/.venv/lib/python3.13/site-packages/starlette/templating.py", line 210, in TemplateResponse
    return _TemplateResponse(
        template,
    ...<4 lines>...
        background=background,
    )
  File "/Users/jaypatel/Desktop/Development/Jay/Backbone-Fastapi-CBV/.venv/lib/python3.13/site-packages/starlette/templating.py", line 41, in __init__
    content = template.render(context)
  File "/Users/jaypatel/Desktop/Development/Jay/Backbone-Fastapi-CBV/.venv/lib/python3.13/site-packages/jinja2/environment.py", line 1295, in render
    self.environment.handle_exception()
    ~~~~~~~~~~~~~~~~~~~~~~~~~~~~~~~~~^^
  File "/Users/jaypatel/Desktop/Development/Jay/Backbone-Fastapi-CBV/.venv/lib/python3.13/site-packages/jinja2/environment.py", line 942, in handle_exception
    raise rewrite_traceback_stack(source=source)
  File "/Users/jaypatel/Desktop/Development/Jay/Backbone-Fastapi-CBV/backbone/admin/templates/model_detail.html", line 1, in top-level template code
    {% extends "base.html" %}
  File "/Users/jaypatel/Desktop/Development/Jay/Backbone-Fastapi-CBV/backbone/admin/templates/base.html", line 108, in top-level template code
    {% block content %}{% endblock %}
    ^^^^^^^^^
  File "/Users/jaypatel/Desktop/Development/Jay/Backbone-Fastapi-CBV/backbone/admin/templates/model_detail.html", line 64, in block 'content'
    class="w-full bg-white border border-slate-200 rounded-xl px-4 py-3 focus:outline-none focus:ring-2 focus:ring-indigo-500/20 focus:border-indigo-500 transition-all font-mono text-sm">{{ value | tojson(indent=2) }}</textarea>
    ^^^^^
  File "/Users/jaypatel/Desktop/Development/Jay/Backbone-Fastapi-CBV/.venv/lib/python3.13/site-packages/jinja2/filters.py", line 1721, in do_tojson
    return htmlsafe_json_dumps(value, dumps=dumps, **kwargs)
  File "/Users/jaypatel/Desktop/Development/Jay/Backbone-Fastapi-CBV/.venv/lib/python3.13/site-packages/jinja2/utils.py", line 669, in htmlsafe_json_dumps
    dumps(obj, **kwargs)
    ~~~~~^^^^^^^^^^^^^^^
  File "/opt/homebrew/Cellar/python@3.13/3.13.7/Frameworks/Python.framework/Versions/3.13/lib/python3.13/json/__init__.py", line 238, in dumps
    **kw).encode(obj)
          ~~~~~~^^^^^
  File "/opt/homebrew/Cellar/python@3.13/3.13.7/Frameworks/Python.framework/Versions/3.13/lib/python3.13/json/encoder.py", line 200, in encode
    chunks = self.iterencode(o, _one_shot=True)
  File "/opt/homebrew/Cellar/python@3.13/3.13.7/Frameworks/Python.framework/Versions/3.13/lib/python3.13/json/encoder.py", line 261, in iterencode
    return _iterencode(o, 0)
  File "/opt/homebrew/Cellar/python@3.13/3.13.7/Frameworks/Python.framework/Versions/3.13/lib/python3.13/json/encoder.py", line 180, in default
    raise TypeError(f'Object of type {o.__class__.__name__} '
                    f'is not JSON serializable')
TypeError: Object of type Undefined is not JSON serializable
